"email_address"	"active_send"	"active_receive"
"UQZXVWHPAR@GSLJXDZV.com"	1	0
"RLKSLDNYTDW@SIDPRQ.com"	1	0
"ONVGUCDMEACP@HMXNGE.com"	1	1
"DSMIX686@gmail.com"	1	0
"QHVKQNOGRG@DHQWP.com"	1	1
"FGA@hotmail.com"	0	0
"CFBAPJLVTGN@EBZULUER.com"	1	0
"YNTKBEXJANEP@WLMKCJU.com"	1	0
"MEAVGBKPVB@GYAEKFE.com"	1	1
"URHEUJIWCRCI@LZKSZZ.com"	1	1
"DBCAVLYRVOVV@TAROQGKE.com"	1	0
"PJVXYBIDWAS@JPSOWMQS.com"	1	0
"ADCUMJVTUMAD@PCZFGJ.com"	0	1
"OYIJEEEZBRKC@IRNXF.com"	0	1
"TODRSMYDRZFY@UPRWCL.com"	1	1
"ZQVCDHAZPD@GCPJBA.com"	1	1
"HKSU422@gmail.com"	1	0
"YYMARUEWRMH@JWLCJT.com"	0	1
"TENMFJEROPQ@RIQRGKY.com"	1	0
"UHSUDS380@gmail.com"	0	0
"ZKWYJEDSDX@QBJAROOY.com"	1	1
"SJYBRYLMKF@NTYDLZQV.com"	0	0
"outdoorlivingGLUBC@gmail.com"	0	0
"LSQII@gmail.com"	0	0
"DGF.DGF@gmail.com"	1	0
"WMLMCJWWMRBK@EFHITG.com"	1	1
"WOYJQZBWONMD@QKQQLBZC.com"	1	0
"JZTNIAMISZ@NXXLFW.com"	1	1
"RANHMGYVOI@LSTXSVYU.com"	1	0
"BLLDINBFMAL@CXJQXZZ.com"	1	0
"XAFWRZEDUMJ@DSHTPY.com"	0	0
"ZRDIQGIEEZNT@FEKKT.com"	1	1
"HMUCYUIJEKX@SLVJJX.com"	0	1
"LSMZZTBDDHU@SXAJO.com"	1	0
"JNFOVFOHJP@KPGDGED.com"	1	1
"WFRIUPQOCK@TXXFUB.com"	1	1
"OOKBAOFSISTM@GMKZL.com"	1	1
"AMPPYYUFPY@CGXXJI.com"	1	1
"JLMGAKLGKUZR@ERFXLX.com"	1	0
"QCCNOMIQIROW@QLDSZ.com"	1	1
"PGNBNCIFBJVX@KZFEVU.com"	1	1
"ZUHCJMIGZBS@LKEWYC.com"	1	0
"PYVPSNVECUM@CJGHL.com"	0	0
"RFTCLEKUEDXI@RZVROQO.com"	0	0
"MBXA.MBXA@gmail.com"	0	0
"JIEVDXSDKCVQ@EGLGR.com"	1	1
"HYOIITMKSZU@SDESUMY.com"	1	1
"growerSFO@gmail.com"	0	1
"HJCJGSNXLIFO@XTMKM.com"	1	1
"EPEBZFYTOQTX@SUSHHSFM.com"	1	0
"BQAAEAYJEUXU@PYEAUJBM.com"	1	1
"ABXWXOEZPPKW@KFTZOG.com"	1	1
"LKCLIRGAKBNT@FJFJGV.com"	0	1
"RODDWPDKLJGP@GBGVQ.com"	1	0
"AQGFXGUDAP@YBMCP.com"	1	1
"SFVHTACPIT@IDWBP.com"	1	1
"MSRIXTYRPGIH@STLKICUN.com"	0	1
"NXEDLACFWCB@IATNYVP.com"	1	0
"FDDCEANLVZHJ@HKFKIJUO.com"	0	0
"BGIBKMFXFM@EPDOCHOU.com"	1	0
"SVINZDXORLV@XREZJZLG.com"	1	0
"TBDUCWOVMBL@YYMGW.com"	1	1
"PURDORKJEKA@MOWOEW.com"	1	1
"DAFABEJXAEYQ@AHICX.com"	1	0
"ENQHPZEMVX@QVEBWXX.com"	1	1
"GLTXDQIYVIGR@VPSXOA.com"	1	1
"WVAUWGnursery@yahoo.com"	0	0
"GPIEYZ120@yahoo.com"	0	0
"LAMUXWQJJMJM@HQCSQJ.com"	0	1
"QAPNKVRBZGN@KMHWIO.com"	1	1
"DNXGSKTJPDTC@OXVBIDV.com"	1	0
"YEDBPUJGRLY@JSUFUGW.com"	1	0
"RTHETQNJWUEK@QRVBFLFC.com"	1	1
"EKYKFDPVKRH@KYHJQNTV.com"	0	0
"NCGYFDCAQPQO@ZIRDJ.com"	1	1
"ASEXEWCFHQ@NVIZVVZZ.com"	1	1
"landscapedesignerZLRXUKKV@gmail.com"	0	1
"YXWCBFJCND@OZRMOIKL.com"	1	0
"CSOEDXMNNCEC@BPCLSI.com"	1	0
"JBNGFDUIZQU@KQLTSH.com"	1	1
"KHRFQSADFSJ@AWYKGYPT.com"	1	1
"DYKQDHGXMBUM@IXMEGI.com"	1	1
"ARINIQPGYNH@AHUPT.com"	1	0
"NOKVPCKUPQA@GTIZMEA.com"	1	0
"ZZFMVFQJLUY@AXHDVANH.com"	1	1
"WRNJRFMJMZHE@WSRIJFLR.com"	1	0
"XMRRBDIEMJF@DXACHD.com"	1	1
"CFUJCQNSCX@YPPPHWEV.com"	1	0
"JXQHZXIOJISF@YDTFVNP.com"	1	0
"WEOPJJDLMYM@WJPTVAFH.com"	1	0
"BCABLGZKMDI@KJWQXKL.com"	1	0
"ROFUDPNMTO@PFHRHPF.com"	1	1
"CFMEBAYJEA@IWCSCC.com"	1	0
"HGQUBVPNMVF@GPVEF.com"	1	1
"NTZZBQSNXA@GGNSLENF.com"	1	0
"JDCMCKDIVYC@BFFBNS.com"	1	1
"AQBXNZZRQUAM@RJHPJSV.com"	1	1
"FIPYHZZZRDHJ@BYNAMAT.com"	1	1
"TPTOMMUFFP@AXPRCM.com"	1	0
"FLCUDSQBFYM@YYCNOOJL.com"	1	1
"NAZFBWPYKPHP@UKHXP.com"	1	1
"NSSMPBBVKPTL@VTGSH.com"	1	1
"MWKAGXRSJRKQ@NJCRF.com"	1	0
"KYGIHAXYTXDI@NCTHT.com"	1	0
"DVXRSEIXTYGJ@BOFBKGS.com"	1	1
"STYQSWMIRA@NIYLL.com"	1	1
"ZWNJAQMVKLJ@SFJUSC.com"	1	1
"PSOGGHAVLUT@UDDZUU.com"	1	1
"NGVOCMBOBG@OBOHNBP.com"	1	1
"QWHUUZQJVBK@LIGNI.com"	1	0
"UZCXUWFRGH@GGZYA.com"	1	0
"LSRQPORTCAF@JIWRFHG.com"	1	1
"CIZNBZMKBXZG@ZABRM.com"	1	0
"CCJXWPTFWLU@IBWDWNH.com"	1	0
"XKW.XKW@gmail.com"	1	0
"GIXISgarden@yahoo.com"	0	1
"NDXCSGLNEI@WIVGGZS.com"	1	1
"QDLVXAVZDTZD@MYTSD.com"	1	1
"FYIPRIQZHPUP@VVKCDMOQ.com"	0	1
"NXPXHTWOSFC@FXOSOMES.com"	1	0
"SCAVIMABBMK@METSFZ.com"	1	0
"FZGQLKMPST@FVLYPPF.com"	0	1
"FKXJNELHSG@QBBBY.com"	1	0
"FXLNDQNBFB@BZVKB.com"	1	0
"YKTMEXDSPO@LKGZO.com"	1	1
"FBGFFWVLHRZJ@APTDZFR.com"	1	1
"SRQNYEVCRS@LUBTWZUU.com"	1	0
"DRNIOQLATCIR@KHWMRTW.com"	1	1
"CLKEYMLVXGI@LYUXMQXX.com"	1	0
"CPWNHHJEXV@ATOLNZLK.com"	1	1
"CKHEVIAZWW@CLBNVPR.com"	0	0
"KNWYKEJYQU@HNSIVMD.com"	1	0
"CRXBTDKAZW@FFUBCR.com"	0	0
"RTLYCGTJGVO@OSZRPKLY.com"	1	1
"BZVRJGDRDJZI@QYCEBHU.com"	0	0
"ADKZYUYQBA@TPQEVQ.com"	1	1
"BISYDSTPMB@RIUQDL.com"	1	1
"UMOBFJOKVXD@HMKWEWSY.com"	1	1
"LCZTGUPVTA@NVJXHSQ.com"	1	0
"CWFJCGERPD@OLTGV.com"	0	1
"XRRFXKTZVGP@ENUEEY.com"	1	1
"WTNTUFNXUPOW@TWYDWNYM.com"	1	0
"UZWEFANGWEI@SKFICQFI.com"	1	1
"DRUFBMUDLKC@JTLKP.com"	1	0
"landscaperRDP@yahoo.com"	0	1
"DGYZAXEFLY@LQPWT.com"	1	0
"KXSBPFYASGQK@PFIJKY.com"	0	0
"SIASFLRJAQ@ABETSBWA.com"	1	0
"MQEMVMVCEL@UZCJOV.com"	1	1
"GOGAXHIIAWO@KARBNAM.com"	1	0
"ZNOGELXGWJJ@PIKAG.com"	1	1
"LTSXVKZZXGPV@XTAOJ.com"	0	1
"RJFELSMHEIBA@CAIWRG.com"	1	1
"JWYAHPVUBXXH@ASFMNE.com"	1	0
"IJKSBMGHIO@YEQSC.com"	1	1
"IVWNWKCUSQE@KHUIJFV.com"	1	0
"SXRWXGEYWYKH@WYJXIEYG.com"	1	0
"JLEAUCWKXO@ZROVPFV.com"	0	1
"RSTD.RSTD@orchardPRGV.net"	0	0
"CGUBXVXBQON@JZRYTIM.com"	1	1
"NOJPPDXMSEPP@JNUYO.com"	1	0
"XTQLZKXOJVH@ZXYAA.com"	1	0
"DTV@yahoo.com"	1	1
"BAXZIBRQZQ@YDWXGOSE.com"	1	0
"OTOWX.OTOWX@plantsZYUD.com"	0	1
"QHHQADMBLO@MNMNUN.com"	1	0
"NAC@aol.com"	1	0
"PABMSSDLJBXG@EIYZJIJ.com"	1	1
"YAMCBLMGGURW@PZUGWDV.com"	0	0
"MUYHXKCZIMVS@EHDDXKVY.com"	1	0
"ZVEXZPYGGFJ@SGDUV.com"	1	1
"VISYHTPEUWTC@QSAFHQW.com"	1	0
"CRDXVRCRLS@CZVTIZB.com"	0	1
"KDVMQXJPOBJB@FPUHRBC.com"	1	1
"RQGOIQHNWM@TKLEB.com"	1	1
"NMQNMJTRWZAW@WLSOEZO.com"	1	1
"DXTRBHLDZA@GPOXE.com"	1	1
"YQNIGQYJYOUC@BJFKNO.com"	0	0
"DVGVMJWOMA@ATMFAX.com"	1	0
"MEMWZNLTGIG@XESJYS.com"	1	0
"CHFFTHFBTUI@UXKJJP.com"	0	0
"NTSRJCMVNQQN@KCFPSTZ.com"	1	1
"DIJMKJCVLJSZ@UZWHK.com"	1	0
"TPVVXQBHQNB@WMJGGD.com"	0	1
"MHSKZNIYUUYW@PEZQQT.com"	0	0
"OUVNTMLRKNA@LLYDTPO.com"	1	0
"AUDXLDGSBYS@FNKIFUAU.com"	1	1
"CTGOQDDBUE@VBQDR.com"	1	1
"FVORKIVIYDUQ@ROLAIDJF.com"	1	1
"RAFOFPNNSCN@KKENCHRN.com"	1	1
"LRBKMFBYSI@SGVNQKA.com"	1	0
"DDPYBMRFIK@AIEMYX.com"	0	0
"VKGFGAOMYLO@STXZH.com"	1	1
"JZXKZWPCUMPC@ONECIW.com"	1	1
"BVUCHIWQQIDO@TCQVJR.com"	1	0
"QBTUNJOQRD@XHJZZDW.com"	1	0
"SNPWARYNFG@SEMZCID.com"	1	1
"NKRTCXYULI@TQPVRSN.com"	1	1
"XVXAAXSJRIZE@DBOXUN.com"	1	0
"BMOVUVJLNM@MLQBR.com"	1	0
"UBGZTNAKZXJE@BBKLDL.com"	1	0
"WCEBTSCTIJ@HZEKW.com"	1	0
"QNEBDEgarden@gmail.com"	0	1
"BUXLVUDIMSHI@TNFGQ.com"	1	0
"QQIQCWOMXDQL@TEZGA.com"	0	1
"YAQXDBNKWJ@EOKQY.com"	1	0
"outdoorYEUL@shop.magento.com"	0	0
"IVMSMKEWOVB@TAFHG.com"	1	1
"BNKJWGCMQM@HMKJVAC.com"	0	0
"AGKELMGGDDAR@MTCMGOMK.com"	1	0
"KAMLMCKCEDNT@VDYCDP.com"	1	1
"TMSDOINHCOJI@DRGSYTNO.com"	1	0
"AFTITJXCSAG@TJINRS.com"	1	0
"GCLXHPHBMY@JKZQFFXB.com"	0	1
"BXNMsupply@myshopify.com"	0	1
"QTFUNLXXAX@UKRUJ.com"	1	1
"ILFTIBHDYWC@ZYCATS.com"	1	0
"IMZBKTDOOW@PPUYKJV.com"	0	0
"KEANORPETF@YZDPXD.com"	0	1
"XQJDHPSJXQR@ZNPUAL.com"	1	1
"RZO.RZO@yahoo.com"	1	0
"CKMPKXTBPSKC@UEKUVQZZ.com"	1	1
"LMMAOHBBHTS@KAMOZW.com"	1	0
"WIWMMISFFLCR@JZUNT.com"	1	0
"BOWYVFBPYQMH@XSNBOEBO.com"	1	0
"XSTRLDRCJT@VYPPRFV.com"	0	0
"OOPSFVNFTNSD@VYYUZ.com"	1	1
"DXTBATOASX@DLTTG.com"	0	1
"RDYDCHYXVB@RCPSNKQX.com"	1	1
"UQFAGQEASFQC@MCRGOC.com"	1	0
"NEJBSPKFULP@FCIQN.com"	1	1
"YLRDOCFDTT@IGNFBYP.com"	1	1
"GSVZCTWHHHZ@YXGKI.com"	1	0
"YVMRKXAPXIC@URTAG.com"	1	1
"LJGHWLHTVAK@EIYPGRW.com"	1	1
"DFHKCYDZZLDH@OVTJRH.com"	1	1
"QTJRYHQJQY@MJGUNOLF.com"	1	0
"NVYVZAFECK@KTUOFKDS.com"	0	1
"ELGZAJIXVNFS@MEZZT.com"	0	1
"OEASCMXNDV@BIRJWZR.com"	1	1
"HWI@comcast.net"	1	0
"AZUPQJPVDUB@HUKTED.com"	1	0
"QXBQWCJYTSO@EXDIH.com"	1	0
"GFLEIVKETJCE@NXOFWABH.com"	1	1
"AHXEWFME354@yahoo.com"	1	0
"KKRYCXUCWM@SMVTVU.com"	1	1
"LZPHRXUKII@MZVLQSYQ.com"	0	0
"MNFWILPVLIYO@AHLBMX.com"	1	1
"ICFAOXGQAM@RMHPOTV.com"	1	1
"CQPPFUTGNJ@OMKTKXU.com"	1	1
"ZZFAFDMCRCQA@JMNCZ.com"	1	1
"NYDUCAVCXNQ@RBFWPNF.com"	1	0
"JBZAVZVMPP@MRMEVWUK.com"	0	0
"YYFZNYVLSSL@PRIQLWAP.com"	1	0
"QPGSHSXPXEPD@YDLDW.com"	1	1
"UAIVTOPMZQG@QPUTCINY.com"	1	1
"DXYJYSTADSUR@CKJQPRIA.com"	1	1
"RQBFVYLIPRYO@LDFMVX.com"	1	1
"XGCIMNSPXYMG@EPBERFXK.com"	1	0
"XPAXBSDXJY@PUCCOMR.com"	0	1
"ZUTDPQLUBLP@TZBGLW.com"	1	1
"VGLLsupply@gmail.com"	0	1
"BSHMFPUVIRTV@FJRCA.com"	0	0
"OMGXWRZYHDQ@KCUAT.com"	1	0
"CDUUVQPRZO@GBJGAA.com"	1	0
"PHKDVKBDYF@QRPZO.com"	1	1
"AQNXYCNFKFBV@HVVRNLRG.com"	1	1
"XFRONBAWYPQ@YBOTBPE.com"	1	1
"NZJDBVPNBU@PHRPXIIP.com"	1	1
"OCUCFZHJIU@QZQNYLJ.com"	1	0
"PCVCZLFEOQ@MROPI.com"	1	0
"AUBXC@yahoo.com"	0	0
"NSXUCBGRTTZ@QNHUL.com"	1	0
"OMPUBXCBNZRR@JZFRXDL.com"	1	1
"LVNMOQPFPLXR@DFMIUZME.com"	1	1
"KIWRXASCTA@OFIFBJJM.com"	1	1
"ECVKJXECWMIE@JNBIP.com"	1	1
"IJGLYVQFPLDS@NYJBY.com"	0	1
"PTEMBZHZRF@HRZQLS.com"	0	0
"RWDYZSFBBCK@IXCFAK.com"	1	1
"RHWLXTBgardening@myshopify.com"	0	1
"XOJQ@yahoo.com"	1	0
"HYNNTXSUHXFI@DTIPBZA.com"	1	0
"KLADUXIRGHX@LVZNRBBA.com"	0	1
"QEMUQXLNCQYD@GWULEOPL.com"	1	1
"BMUPRNOGlandscapeengineer@yahoo.com"	0	1
"NECBAHNLJCB@PHXKUX.com"	1	0
"XGRNKGPQPHP@UGNXXQ.com"	1	0
"VCUAOEFVSPIE@QFPBPD.com"	0	1
"XFKUMUZBRNSI@EFKVU.com"	1	1
"DUAPAGGGWKUY@ZOARCZQO.com"	0	1
"LRRHFCGHFFAV@HZQPB.com"	1	1
"DFAEAVERVG@NQJGQCH.com"	1	1
"OUXQIUZTEO@YHSLICVK.com"	1	1
"MTUJQOPOYNP@XCXSQR.com"	1	1
"UDLOBURTEKBD@YFZVH.com"	0	0
"HMTZOPBIRPHA@YECUJ.com"	1	0
"IOIBUWDRZRP@USESLX.com"	1	0
"PLVWLONLWJA@JFYXRUZ.com"	0	0
"SJTBJVVOUT@LJBKIBYZ.com"	0	1
"GZRVQRVCAMTW@HTCNANY.com"	1	0
"KWORXCVTSFN@VUATT.com"	1	0
"OWMGMEACWVNL@QNJSH.com"	1	1
"XSSHOVYWCV@IKWKWS.com"	1	1
"MDJZIMGNANW@ASSZKJVH.com"	0	1
"LOEQWQETYN@TYBUBQ.com"	1	0
"YTKOQXMYKRHY@AVJFDYKG.com"	1	1
"EIRPJQLSPPJ@BKNDTCW.com"	1	0
"HUAIWQRATH@VINABCOJ.com"	1	1
"ZQLAHKSD.ZQLAHKSD@supplyLMX.net"	1	0
"OBCUGNIROVA@CRBFRW.com"	1	1
"MLWMBZBILEQ@BEIZTX.com"	1	0
"OJGSSNRATZY@HIQFA.com"	1	1
"CYBYFKHHPBY@XPEZEJU.com"	0	1
"BWZDEWSCJS@WQHTEMQ.com"	1	0
"YCKPPTCLLX@KXEFVU.com"	0	0
"HIVCDXYORNAY@VVWTA.com"	1	1
"XASPFXRWIIP@IZLVERKK.com"	1	1
"NVEFGRAOHW@ROLDOP.com"	0	1
"LQLXBGXEFLB@PBHFC.com"	1	0
"RPALBZIHQN@DKXTGPWW.com"	1	0
"FZHQBXZBOTWP@PUATPNEW.com"	1	0
"ZHPVCSMJKKH@LQAWC.com"	1	1
"UQPJVEVXPVD@EHBXNJ.com"	1	1
"CGQXJPOBOJVQ@TFEJH.com"	0	1
"AWPGSXWALK@WUZQLVPR.com"	1	0
"outdoorOTJHAM@gmail.com"	0	0
"JWMGLLTWFWV@GUKMH.com"	0	0
"NZNUOKHSTCNF@MBCZVT.com"	0	0
"JNTRYUCHME@YZZBPPNT.com"	0	1
"SZAQOQYOPKJ@TIHHKTV.com"	0	1
"outdoorlivingLCFLAR@yahoo.com"	0	0
"YOWOEZFOVYQI@FYFNM.com"	1	1
"ZWMXYOOTFR@VCKLHWP.com"	1	1
"DDLVTMTCHKVD@XYPRAU.com"	0	1
"AANSNQASQGDB@BDRIZJMG.com"	1	1
"LTETKIHEKO@MBMKZJB.com"	0	0
"RFGHGRRJXCHD@GKFEHR.com"	1	1
"PUQEEBDXMAZY@WTEECLEO.com"	1	1
"COLEKETBYDFE@IFQERNM.com"	1	1
"FVDUWUJWTUBH@NMMAHMB.com"	1	1
"KAVFNTJZKMG@POCQARSB.com"	1	1
"PVULTUVQWTT@RUIOPDIO.com"	1	1
"CCUZIFXLYM@BBLDHC.com"	1	1
"EGLFMMVTRL@GPQAPT.com"	1	1
"JJONAHYIBDV@QNDZGWEL.com"	1	0
"MPUOSNGITLZK@GCOSFSDT.com"	1	1
"KIYQVFWKWUQS@OSMQR.com"	0	1
"QSZVWRPKUW@QJGYIFH.com"	1	0
"EEELKHQPMXS@OLHWYUTS.com"	1	1
"VTUYETIMPCSQ@ARIVHX.com"	1	1
"VSKMZTOMHZPV@KYORYL.com"	1	1
"WYMKHNLQJI@PUKUCEF.com"	1	0
"OTUMGPCSVLPX@HZGRV.com"	1	0
"JGZGSXSOFOV@UWIGP.com"	1	0
"VODRVMJYECO@FEVZWWKT.com"	0	0
"FAAJMWGZFY@EVKTR.com"	1	0
"outdoorWCJDBIS@yahoo.com"	0	0
"SNEWTKITDFM@DZGSS.com"	1	0
"GWDYZXUSLECQ@PEXOO.com"	1	1
"XDYILRFYSIS@EGTACH.com"	1	1
"outdoorLMAJVIIP@yahoo.com"	0	1
"FMRVKMQMAQ@ZZNWB.com"	1	0
"QGRLIPWGYX@DXGHZI.com"	1	0
"ZLWVHJXQECHT@RLRACG.com"	1	0
"JPHFEZBOIY@BXFDMXB.com"	1	0
"UWBTYBYIBDY@NDSOHGY.com"	1	0
"UYYNWQHERAJY@QHDDRM.com"	1	0
"AAPUYTVBLWXZ@RKGQUA.com"	1	0
"ILLRVYFQZJ@BJXYCRZU.com"	1	1
"KKWBAJDYUY@LTDGLLXN.com"	1	1
"LTWJXHJGENR@UTMKJLQF.com"	0	0
"EZTNGPWRFN@AKSOCV.com"	1	1
"FYUHQOOWANCA@PZFUYM.com"	1	0
"IXZBSYGLGZD@RMMML.com"	0	1
"DGGGSGOZWVG@ODHAS.com"	1	0
"WJDGUNGPRSJM@UAXDFNSY.com"	1	1
"CHJPWLAFWO@GMXVMKHK.com"	1	0
"EHALLHARSBY@MTVKDRYN.com"	1	1
"WCQZVWXVJJY@ZUZFOJLG.com"	1	1
"IFNGYKGJOQY@XJZJH.com"	1	1
"TEKLGWCUHKPB@YEXLHZM.com"	1	0
"BKVQICBUMYIE@PBCYZH.com"	1	1
"VRYXVKGESTX@PBCLDNU.com"	1	0
"EESKDKSAES@QTKDQ.com"	1	1
"DDUDXQUGTJL@FBZSHB.com"	0	0
"HGKJJHPE536@yahoo.com"	1	0
"HGXDOODPGDWH@ALLWUI.com"	1	0
"ZXJRLTERWLGZ@JNFYCN.com"	0	1
"GOZQSXFXQS@QOIOZXY.com"	1	0
"DTENWOGLRYR@OSGRIII.com"	1	0
"LYJERDLQWL@TPZEXK.com"	1	1
"ZVKMMDBBBM@VKUERJ.com"	1	1
"GVSZEIFRTHP@NFUBABX.com"	1	0
"ERQSFVNTXT@RVQGIXY.com"	1	1
"LEU.LEU@gmail.com"	1	0
"YEYJRXXRZB@PNVMKSE.com"	1	0
"AUISKIKZEGH@FTEEDPI.com"	1	0
"nurseryMDCR@gmail.com"	0	1
"WLMVUHJUYN@VPTMHI.com"	1	1
"QETNQDSPNSW@CFACP.com"	1	0
"UFDPZJMIAAG@VZRDYDKZ.com"	1	0
"UJFEWLKUYO@EBEMUGE.com"	1	0
"CGXYZBCPWWH@SDCNWPB.com"	1	1
"HNCTUVIYAEP@VUBWAMVC.com"	1	1
"NTUHGZGUEST@PALWY.com"	1	1
"FLNZHXSRTN@XTSSD.com"	1	1
"JVYLQUYDZXA@XDAJZV.com"	0	1
"KPQIWPSDJKI@ISQZG.com"	1	1
"DDGXFFQIZEX@OINQJJU.com"	1	1
"RDBLYXJCNA@AEJPBYWO.com"	1	1
"JIHHIYEHZTVX@JCHPV.com"	0	0
"UMKBZQNAYKJB@FUMGT.com"	0	1
"PXDOHBZVMVFG@IIDIMAPC.com"	1	1
"DEBFXENQSESL@HCSMCYF.com"	1	0
"EKCXCQEFCT@EYLTZLR.com"	1	0
"CETBVXUDMQT@JAXHKO.com"	1	1
"TUITYULKRRF@JSABY.com"	1	1
"HSWXYDWRTB@LFJFTUZU.com"	1	1
"IFCKHSVEOHTQ@PSVFFPM.com"	1	1
"FZSHAAHDDVLH@DCEROYZ.com"	1	0
"LNQLKIHUMQAH@PFUIPIL.com"	1	1
"EJROOZCDLZNN@HGUWLLKP.com"	0	0
"CZAPRPOBTPKK@FMWHSJ.com"	1	1
"LOIYJBWOEC@XASPGE.com"	1	0
"BWJGJCFIIEJ@MFBJVXOS.com"	1	1
"RLKAPAMTKQZQ@BUGBXZIV.com"	1	1
"BNZJYOPASS@IEOYJ.com"	1	0
"WDTDEQAVLSTA@TKRHMF.com"	1	0
"HYPQZEMFSVS@NUOZFXT.com"	0	1
"POKVOUPCRFBW@GOROMSX.com"	0	1
"TIQWPDHLKLD@KUTHDKMY.com"	0	1
"CRAQXVGVMS@FRQJXK.com"	1	1
"HBLKBYWYIVO@OHSYMK.com"	1	1
"ETOMFBBYCQB@MZHKCCHD.com"	1	0
"PGEJHXAEHHJG@MUBIHTYP.com"	1	1
"YNXUURKQHD@FGXYYJOM.com"	1	1
"WROINRNOZC@NPNKWTOE.com"	1	1
"EQKATRKHCOL@IPFEWRJ.com"	1	1
"MYRGKEGBIM@OOGWQ.com"	1	1
"ZSTVHJJION@BADWSFVE.com"	1	1
"LQOPBCIMUCOF@EJIEQV.com"	1	0
"UITRUTSMRVW@JWEIF.com"	1	1
"MEAIHKXAPO@FDUPTQM.com"	1	0
"NFOZMLEVJK@OPDJHO.com"	1	1
"XMZZVJKVYIDY@HEYKWTXH.com"	1	0
"MDAAVTLCBC@NRRXPF.com"	1	0
"RNBIJECOVFZB@HDFOK.com"	1	1
"YADRMTOZES@VRBJH.com"	0	0
"DKPMSSSYUCV@HLFJBUKB.com"	1	0
"NGZTJLLRZIAH@XQCSN.com"	1	1
"SNULPSOEPM@TELNBDER.com"	1	0
"ORVUGXGPBE@RGJXDK.com"	1	0
"EGETZRLNKW@NMXBV.com"	1	0
"LTBKPAIYRSXK@NXVLUMVC.com"	1	1
"KNMSJISFUQMM@PHFOW.com"	1	0
"HOASVNIMEOLY@LPDLTRV.com"	1	0
"OZHWXVLIAHY@TNYGAGHQ.com"	1	1
"JLNYVDXPCKGV@OFOUMLHI.com"	0	0
"DMRVBJILCH@CTTDOS.com"	1	0
"KGSECEKRJESO@HWQKEEE.com"	1	0
"BIIPYACLLW@VHJWQQR.com"	1	1
"QFEJNPUXPXN@SDLATIAF.com"	1	0
"FBPGQIDMSIR@CHCARDB.com"	1	0
"NUHOOJESOSB@QRHCS.com"	1	1
"ECNEUJOYDTT@IYSZWNZE.com"	1	0
"RYLQYPTPQFFV@MKTNVOC.com"	1	1
"NMZDLJKSXMI@SNZGJTAV.com"	1	0
"ZEZVUSURGKWZ@XYASSXF.com"	0	1
"QZYAOFJNDKUP@ZGSAB.com"	1	0
"BKONCGWTWMB@IKHTXZU.com"	1	0
"WCUTUVKICJ@ZWFNZQWZ.com"	0	0
"CFGSFJGJODL@YJPOHLR.com"	1	0
"PKTCJQJLYH@RELDI.com"	0	0
"ERNLDDMFZPE@JTZETUK.com"	1	0
"RRPQJIHDNX@LBXSD.com"	1	0
"QBWYDHSMMVHB@EQUQZSK.com"	0	0
"IGMCYPLSLI@ZKBMJG.com"	1	1
"LHZWBWKSBAO@IURNT.com"	1	0
"GFAYPTUIOQ@XGLPQON.com"	1	0
"PMMYFZHFMNUX@EJCNJ.com"	1	1
"PMJXURHGKAFH@AQTKHM.com"	1	0
"OWALDIOLHRB@BCWYHK.com"	1	1
"ZCPQHRIUEHUE@NARAQ.com"	1	1
"HLKCPAZIET@KCKSTG.com"	1	0
"VDDLWYNSXV@VEXCSLCJ.com"	0	0
"UULLOAPPUHCJ@JOKYY.com"	1	0
"AMTDAAMNLRI@WHWJJINM.com"	1	0
"HZCBLFTGKJL@KPJDEBRV.com"	1	0
"TGKOICXCCCWI@DIFGS.com"	1	1
"PCNFDKJXQIS@LQPSBEHY.com"	1	0
"ACGPPOJZEIRH@JMHOD.com"	1	0
"TXQEWCGDYH@OKHDJ.com"	0	1
"JXPHVFAEFOI@YPXQHGO.com"	1	0
"AMXMGSDGKECS@HVNHH.com"	0	0
"BBMDVPSXZVJS@HUIEK.com"	0	0
"DYORAXVLNXJ@TTUROCM.com"	1	1
"NHNHFEOJGR@NZGHD.com"	1	0
"PLZIXCTAVT@HGXVNMX.com"	1	1
"KLEDSPIASL@DHICQPRJ.com"	1	1
"TJRFSQNUYSH@GDMYCU.com"	1	0
"IDDRUIQMNAY@EKUDIUKE.com"	1	0
"TNYFPVAGGYL@FHRBWVFG.com"	0	1
"RMXSUUIXMNY@ZEMNG.com"	1	0
"UJKTCHAWGB@LEYKC.com"	1	1
"ONBKVTXNFOXO@VPSJUCRR.com"	1	1
"BZQHQXMVOE@XWUZJDS.com"	0	1
"NXVCIFKJKSK@STYOWGX.com"	1	1
"YKFVQWVPKDND@WVGSH.com"	1	1
"IYHVHNOSDE@FMTHVI.com"	1	1
"LATZCCWCLLV@QUMEISML.com"	1	0
"NZYQGDZJMIJT@MLNBQYN.com"	1	1
"QXSHKCTFJHU@LOTGJLSJ.com"	1	0
"OQPARPCWMT@KPAOIT.com"	1	1
"ZUHDPULWTSFH@KEOVTQK.com"	1	0
"DGXPIERAAHA@KLYDQOL.com"	1	1
"AHPELNCXVPIJ@YROIO.com"	0	0
"KHEGDIMDCH@JKEIFHX.com"	1	0
"YJOZKQZDQJWX@NFWKOJEG.com"	1	1
"KKZKAHVSQL@VMRFDS.com"	0	1
"RSPOQOILRWVN@OSNPPIG.com"	0	1
"FMANTRVDDV@XCRTLKKH.com"	1	0
"OHSZDCZXVI@TOZVZG.com"	1	0
"IHORVCCUSR@TJHNGATI.com"	1	1
"ATOMHCLRJBCQ@TDLFJC.com"	1	0
"WPHQQHKXZP@TTGWWVKI.com"	1	0
"OOLWWWMEXKK@PMLWGLSI.com"	1	0
"WOIIGJXMGXE@WYUIVWQ.com"	1	1
"THJLSFAHEF@OTBUAGH.com"	0	1
"BEJYSBBBZMI@DVJAVP.com"	1	0
"ZTLNRSJVNZ@MKTXADFL.com"	1	0
"VCLIGXQOJH@QLZMQR.com"	1	1
"SXLQHBVWLE@DVSHQKF.com"	1	1
"NQPEPKRMIZA@RYPOQIC.com"	1	1
"VCEZMEC74@gmail.com"	0	0
"JCRVJGCJVGEI@ZFCHZVD.com"	1	0
"IQXQGRC799@gmail.com"	1	0
"IFLRGQLTKAME@WBJRBZI.com"	1	1
"UVEADTPQSWEY@IWOEDQR.com"	1	0
"OUOFICUHDM@BOEFV.com"	1	1
"KSXHUFLHUZMR@UPIQQUGN.com"	1	1
"TPAZH@gmail.com"	0	0
"UGJUCEDNKQM@ALVDTZUT.com"	1	0
"UTUYYECGKJPP@DREPJOFN.com"	1	0
"QIOEWIRDKDAS@UREBFXV.com"	1	1
"LGUEVAZTQRE@PWRROTSY.com"	1	1
"OQTFUXUIPU@HXIUUM.com"	1	0
"NERMDHELBZ@DAUEZSWO.com"	0	0
"VJWZYUMVEKDW@RWUWJN.com"	1	0
"DOCYJQFAWKQY@QRQGWU.com"	1	1
"FCPNLGDPZYJ@YXKMP.com"	1	0
"ZRJOKUSTSGEZ@YNZLZUW.com"	0	1
"RBURSGYARG@OPYYD.com"	0	1
"RCESZETXZEWM@WTPPROW.com"	1	0
"VQHCGVKXIW@MNSGBISP.com"	1	0
"RGYBZWMUSAQO@GCKEBY.com"	0	0
"QJWGDRHYBN@IWHCUNGA.com"	1	0
"UIEVQQVPTNM@LLOTLCF.com"	0	1
"XQMLDHZIBOPA@XHUCGQER.com"	1	1
"HQNGTEUXCQC@QRTPEPMF.com"	1	0
"SDHCUENZQE@HGCNMJD.com"	1	1
"HTXZNGQYLRGM@FRDZCHB.com"	1	1
"XEEX@gmail.com"	0	0
"MVZFOMKSORL@YGCVCKXY.com"	1	0
"MQOZTPSKMJ@CWEJL.com"	1	0
"BINMRCGOWP@VBANF.com"	1	0
"VJWYLVCEKH@GBZGY.com"	1	1
"WQZICCYTNP@KLZTGUO.com"	1	0
"OXTKVUVXEPMB@UFTDTZOU.com"	1	0
"PLKVWTYLOETW@PQFJCDJ.com"	1	1
"KMPIKKHGKWJY@QSFMT.com"	1	1
"RZKHCLMZNC@XLDHMON.com"	1	0
"DXLCWLMYQA@MPTPIWO.com"	1	1
"CBOPPMVIXX@VKOXXV.com"	1	1
"RVBFPUJOTFH@HBIEP.com"	1	1
"JLYEEKJBIXZ@ZYGLM.com"	1	1
"OCUEKSSJSJWP@GCDUIBB.com"	0	0
"GRBBXRBJBACL@TEJPCRKJ.com"	1	1
"OXNWUUIRYL@ZHFEFVQE.com"	0	1
"ZELBXCKRLKP@QWQOSFD.com"	0	1
"LQBABTBMLQNB@FPBBXIP.com"	0	0
"KMGEVDESHTYN@VHNPFD.com"	1	1
"YFQLUXKEVKKW@PMFXWNI.com"	1	1
"DJPVAFFTIU@QSXXRQ.com"	1	0
"XBDHWLPIJLLJ@FJWLGK.com"	1	0
"LFALMPVJXK@FCRIJ.com"	0	0
"DMQQLWYJMF@ALWXSY.com"	1	1
"HEWSYSLLXBEC@KGLPHJSJ.com"	1	1
"HHVQRLUZOR@MIAJASIM.com"	1	0
"FRMHLISVLRWO@FLVLCMB.com"	1	0
"FLGMAGUPZM@QNIFNICM.com"	1	1
"SQTCETTQYWHK@KRZPX.com"	1	0
"PGGUYIXUQZHC@ROCQXF.com"	1	1
"NZSXWBDMUJQQ@PQYBPWT.com"	1	1
"XYHEQGERFWQ@MXNWV.com"	1	0
"XANMCDSNLMPZ@AHDLBGT.com"	0	1
"ETURBAKRAV@SHDXZ.com"	1	1
"XUAUFZEIRAZ@OQJGAY.com"	1	0
"BAHPECYMGH@OBJFEVY.com"	1	1
"KGVWPBECCAPR@OCVIHXZ.com"	1	1
"RTDDLHWKNI@EQNSXMY.com"	1	0
"JNSBGEGPBQE@LDCJQCU.com"	1	1
"DJBRDKXYYS@OMPIWYMB.com"	1	1
"UXXMMPBJKEZ@BNXXUQTU.com"	1	0
"BRRK@gmail.com"	1	0
"TXDMLPHVAH@PZNVAQS.com"	1	0
"GBLUMHPCIV@KLIWKH.com"	1	0
"INILVXVKYS@NLVPX.com"	1	0
"RDGPKQYMYDXH@SHHUQXYD.com"	1	0
"EXNKQESDJSPX@IBWIG.com"	0	1
"YZNPTORKENL@KCEFTOG.com"	1	0
"XIYVSPSYJN@VHOVEP.com"	1	0
"AEXYPZWFFKR@RRHBG.com"	1	1
"ZFGBNSCZYTZE@QOTNOZSY.com"	1	0
"FWDHQOLPMKHU@ZCHIB.com"	1	1
"VHDJMNZHFTEN@ACHQMV.com"	1	0
"DFJHQABCUUIA@MKYMLON.com"	1	0
"DXMBZPFLXATL@ZPKWATK.com"	0	1
"FPFKCIHIAMFK@ZDDRNYTH.com"	1	0
"DESAIKZKNLNB@OTXJS.com"	0	0
"KMBNAAZFBPW@UXYBZQOJ.com"	0	1
"SYMDXNXXRKI@CRSXBU.com"	1	0
"EHMXGPgarden@gmail.com"	0	1
"NALGNCDVRN@TJMPD.com"	0	1
"MWAGKUADENA@FIEURHN.com"	0	0
"OULHESTQRRTU@UPRXRX.com"	0	1
"DLTNVFHHCFPM@QLIYXUGJ.com"	1	0
"RCLIUAGCBD@DSZBDJPK.com"	1	0
"UMQBNTHIKVY@LHYOLVP.com"	1	0
"PFERSRKPIBQ@MOCTXV.com"	1	1
"ZCMKEVORSZQC@OWAOAXX.com"	1	0
"DXXFMYXL.DXXFMYXL@RFIsupply.biz"	0	0
"FJFSERVXWVGV@OYWBFFC.com"	1	0
"QZEPFHOQUYR@HFTJVZXX.com"	0	0
"UKHENHTFBY@VISEO.com"	1	1
"VZOHXLCAWEBH@IRRQIF.com"	1	1
"XWHLWMZABHQI@SBPJS.com"	1	1
"ZOPRSBOUOMK@YPPDYFUI.com"	1	1
"NAEKQGOPCQU@RYIOAGL.com"	1	0
"GRPYQCMGNQ@EKRWSOFV.com"	1	0
"NAWCSKQEIU@LXBDMW.com"	1	0
"NQLVCUHYIA@OEVXKZKR.com"	1	1
"YPRQOBKJVHCL@UCYDRJLI.com"	1	0
"QLCZWHKFQENG@HJLXXR.com"	1	1
"DJNIOLSWMOK@SYTHCZ.com"	1	1
"PZQHFSUMCSW@RFUCS.com"	1	0
"TJBPOPNMKURU@YVPTBL.com"	0	1
"FGGZMGYCVTTX@YRHCK.com"	1	1
"ACLTCDGYKPM@XXHHXKE.com"	1	0
"RGKRVROIUXPV@WHCVPTCF.com"	1	0
"PBBSXFGEKAD@DPDYVG.com"	1	1
"LUQDYWPITZPY@FYBHS.com"	1	1
"OHCRITLAAQLZ@ESFEVVF.com"	1	0
"LICMEFFRMRVM@CHSFF.com"	1	1
"GIIELCKLEZQS@WBRAH.com"	1	1
"MXLRQXSSWLB@MTEGSHX.com"	1	0
"XOKOSEBRDRR@DPABYL.com"	1	1
"YILWITRJFI@YCCTNRJ.com"	0	0
"BTTVTZZBGETR@QDIZW.com"	0	0
"UPDUOECCVQJC@ADNFMM.com"	1	0
"TSOYBXGLKD@CUXJGJP.com"	1	0
"JLBTLDHBJS@OGEIEXDW.com"	1	0
"YCDOYEFULT@NESXOR.com"	1	0
"LUHXIDTPUME@WHHPFHNZ.com"	1	0
"LHCXUUGYXXF@RKOCP.com"	1	0
"CNFWGXULVBC@ZBURIN.com"	0	1
"UAJWAJBOTMIO@JROKYNWB.com"	0	1
"CYFFMFUHTF@TDKSLK.com"	1	0
"ILMLFCPOTH@EPHIVP.com"	1	1
"JIDLEFTFZX@SZVOXTQ.com"	1	1
"CHZBGXHMHZQ@BIFKP.com"	1	0
"ZDRRRRMCSA@PXKEJOA.com"	0	0
"LCGDKHXMMG@JXBWO.com"	1	1
"ZBCGP588@gmail.com"	1	0
"FJIAWYJKSAAG@CQWYQV.com"	0	1
"QQKXGJRYCK@AJWMPVG.com"	1	0
"WNKYKVKMQJ@MKOEXOMF.com"	0	0
"KUFOMNKLPKQU@XMSRMVT.com"	0	1
"CHMRBASYHBPO@NDVULHZ.com"	0	1
"FZGMURMEYUI@KQLVBHYN.com"	1	0
"TOIEMKJFGDPC@TCDFI.com"	1	0
"SWMBBYMOZEH@DMOWCTS.com"	0	0
"ZOWJJGHCOMI@OGZJLRH.com"	1	0
"SPRIXOHBLDTI@UCMCNZH.com"	1	1
"LFMRPJZCQC@PRXZZGJ.com"	1	0
"ESHRHPPCSU@SRWBB.com"	0	0
"MHUPMUSLDS@SKRRRVH.com"	0	1
"UCYRTVCFZTW@ABUTGYK.com"	0	0
"UOXLU877@cablewest.net"	0	0
"OOWBBBL@gmail.com"	1	1
"GKKNOZOCTW@UBCUO.com"	1	0
"CIGBAJJNDM@LBINZXXM.com"	1	0
"YKIFQDMUJMCF@HPRTRWKW.com"	1	1
"NJGUWPSOGYBU@BBPDZY.com"	0	0
"QAFPSROPEXC@VSHMMDP.com"	1	0
"DNYTDJJEDCA@VWYQMAH.com"	0	1
"OQCMSSNJOPK@MERVB.com"	1	1
"WZDJSNIGVR@EJCMNTJL.com"	1	0
"RLOCRBNFBU@ONRZLAM.com"	1	1
"HBCZSUTDXCFT@QRIPK.com"	1	1
"OBYHKGIJVCM@KYZMNFEC.com"	1	1
"WZNUFGSOBOZ@FNZAVNJX.com"	1	0
"ATLZYJAVVKNL@VMBZPD.com"	1	1
"VCLWPBKJHOIE@FHGKGZB.com"	1	0
"ANSLHWRXNLS@ARMKAGMO.com"	0	0
"VYHFOLZZRIB@VELRYJ.com"	1	0
"UNEFGNNORJEG@WCSFK.com"	1	1
"HOMDGWNLJUZ@CBMIWCXB.com"	1	1
"DTPAKFJMWXR@DTTXP.com"	1	1
"ZRPMJBTMXZC@VOAOME.com"	0	0
"BLCFIJASJKVR@IIEXHSC.com"	0	1
"KMRHOCWSYJ@BYYRVR.com"	1	1
"PWRTKNCQRYJL@JQSHSZX.com"	0	0
"YJMMNELJGOO@USRFY.com"	0	0
"WFIAJWWFSLU@DQQHIT.com"	1	1
"QGOGMLRCXSVY@NECQLD.com"	1	1
"QDPPIJZPXBVV@IQSMZY.com"	1	1
"ITUSHNLJPQ@FKLOUM.com"	1	1
"DHNYVACOCKE@SOLSQP.com"	0	0
"AYRGUDZAVX@VVUCSC.com"	0	0
"ACFRXBMV928@yahoo.com"	1	0
"OVSXPBZQILX@WBQJWIVI.com"	0	0
"HLXNASWQEV@XLVTII.com"	1	1
"QYSINYMWHRRD@GRMTKD.com"	1	0
"NYMMUFZNBPZ@MNFEHG.com"	1	1
"XGJBWIVLWURD@DRADL.com"	1	1
"XVUGTNCTBK@BFURWAO.com"	1	0
"OKXLGWVNXOA@GHDNSSP.com"	1	1
"KROSGHSKJFU@UARNA.com"	1	1
"YCEGXHQVQA@CMELRLR.com"	1	1
"HSIIOQDVOJ@VPEREC.com"	1	1
"DTXRCBDKQKK@IVRFULFU.com"	1	1
"WUOLZMWPCXS@BEEHGT.com"	1	1
"ANWXRTWNRJ@XHYQIM.com"	1	1
"SYFOJCHBYYM@HKUKWKR.com"	1	1
"EXXZYVPXTCEU@VVGTLWRQ.com"	1	1
"DDQAIZGSAMXJ@WFMMXUXD.com"	1	0
"EVLUSZHXBR@UPCKWAP.com"	1	0
"UUTSIQWMLW@UBVSEB.com"	0	1
"LKMGJNTMML@MUVOK.com"	0	1
"YIULIZJWMZOW@BKZIKB.com"	1	0
"CAMOEQGKUK@EQQHPPXJ.com"	1	1
"ZABXTVZWZIRU@OSZRUY.com"	1	0
"CYKKLTGJOB@UUWEFG.com"	1	0
"XGYHJIAJOZYN@RFNIM.com"	1	1
"JIWCLVVKDSA@ZCBPHY.com"	0	0
"MBPGUQARQUU@WMDPVGC.com"	1	1
"ZGTDRWUWAM@TIRWS.com"	1	0
"RMGXZBMCLLD@KZLTVY.com"	1	1
"FFJDJWUVVF@HFSRFA.com"	1	0
"VELQFKTJNIR@GURJVIHF.com"	1	0
"BMEZFJUSKF@FJSPWTUC.com"	1	0
"GFHEBVFDPNV@BAOZUL.com"	1	1
"DOFMZGRIBKH@TFMWNONV.com"	1	0
"KMBEGCZLOD@JWLMTYH.com"	1	0
"YHRCOCAEOH@HQZDI.com"	0	0
"YVSDIUXPQGVU@SHPLYRP.com"	0	1
"IIGNKMECSH@POGCG.com"	1	1
"VIM.VIM@gmail.com"	1	0
"YSVHCUYTGU@EICWAQQB.com"	1	1
"OCPDGDJZNQOT@XWBCZR.com"	1	1
"SWGWQZILOXXO@KTDHH.com"	1	0
"SSLPYPSSIX@WKQYGM.com"	1	1
"CENOVRULMU@IMPCLQAE.com"	1	0
"WHRVPTHLSCOY@JWBQJ.com"	1	0
"AMQNZMQDSQI@JPWDDJ.com"	1	0
"JYAOIRMNRP@ILOPUM.com"	1	1
"FJIIXPDUZUF@WNMCVIZ.com"	1	0
"YFDXICHQNHSY@YQUML.com"	1	0
"ZUJJNUQBZDUQ@YKAYYQI.com"	1	1
"TVGMUMVAVIQS@UQRWK.com"	1	1
"XIJVEMUPEHNR@NNBWHCV.com"	0	1
"QXFTFGIZKN@SULSDU.com"	0	0
"BHMRQIVGVI@MYLVISK.com"	1	0
"NBENVNWUCFBB@NWPHVP.com"	1	0
"COOHKJILRF@WRNPIP.com"	1	0
"ULMMIRGBQG@NDJYZFBK.com"	1	1
"TGHHOYGRGQI@CRJUVR.com"	1	1
"GMEAFRVVHKKG@MLWNQ.com"	1	1
"GXLZXWVSHZ@XGTBU.com"	1	0
"RMMBDQCYFUJ@SWKNGFD.com"	1	1
"NRTYCGIPXOO@JJJQRBVK.com"	0	1
"JEEXQSZJLP@KOVAO.com"	1	0
"ZBMQKMUPZG@SSIADPTG.com"	1	1
"GKIDUNMXOLB@IUBGGRT.com"	1	1
"RUVFEIUNOLN@QBEQQWI.com"	1	1
"CBKVLVGHUXXQ@VPEQHLFL.com"	0	1
"XCTQNWMHOGHR@LETJOE.com"	0	1
"FFPZINWDDCP@VCXNCB.com"	0	0
"RDBCQLKONUDV@UMENIQI.com"	1	0
"KCQYOSHGFVE@GUQOLF.com"	1	1
"AWLFLNXZIH@QISNFQ.com"	1	1
"ZUFMGZKKEHEH@QBIHNQJO.com"	1	0
"TSOIFVAZNWFJ@YSRCETN.com"	0	1
"DPXYKVQLISV@ABNAI.com"	1	0
"architectYCUDSQT@yahoo.com"	0	1
"SJOZAKJOGT@TDVNCLTB.com"	1	1
"ENJMILNSSL@VBQAJ.com"	1	0
"WENYJAOVPM@ZHKRPEE.com"	1	0
"NPJTPKXVMSXZ@XHKBLNNS.com"	0	0
"HKYXQDMMWV@CZDOS.com"	1	1
"EQYXJPLOQF@FWRDEY.com"	0	1
"WCHUODJUPGE@GQWSVN.com"	1	0
"JSBISJRAXXY@SBJYNTFX.com"	1	1
"WGJPCQJQEZ@FDDUHZ.com"	0	0
"AAFTNPNBRZTY@MQQOID.com"	0	0
"ZWCXMJAQOF@WQJQQ.com"	1	0
"OEWVOGONZBZO@SMGSLVNH.com"	1	1
"landscapeengineerIHDACRUI@gmail.com"	0	1
"SFKEZBLMUWV@PGIECRRI.com"	1	1
"GRBAPWAJYUU@NPNBU.com"	1	0
"AWZAUJREHLSJ@IPUVXAB.com"	1	0
"DRVXHTWIIGK@JGSKYRNM.com"	0	1
"TATHULUKMA@RMSIOD.com"	1	0
"LZWHCQBRVD@MFREJD.com"	1	0
"KARUXZBJSP@RCWJHV.com"	1	0
"HUDDPIXBOEWB@WUNAW.com"	1	0
"XUJTRGZDCLU@YMYSRGV.com"	1	0
"JPEDRWUFHI@FKTFNBEC.com"	1	1
"WOGDYUBVCKX@CTHYJDLW.com"	1	0
"GDNCXHAACW@WHFQMNT.com"	1	0
"GIMALKZXBRGT@MZRHMB.com"	1	1
"KDALKKZMLR@GJNBWIW.com"	1	1
"GIHOMKQKBSK@YKTSDNPW.com"	1	1
"WYILVJPFXN@XNTHIB.com"	1	0
"ERLIVVBBAGEF@RTHJWAF.com"	1	1
"BHVZKWHXGMV@ZQVXML.com"	0	1
"IBTFYRRTWM@PYIZQHP.com"	0	0
"QHVDCCDLLIWQ@KUWWWM.com"	1	0
"MIWFIPFSTJW@OPYRX.com"	1	0
"TDOZJDYOGMU@OZURJ.com"	1	1
"QSGNPSIAIPAE@EAUZZTN.com"	1	1
"UPHQEOFYWPQN@LIVKJC.com"	1	0
"HYOQICZSHY@XSZPSB.com"	1	1
"WBNLJRMDMLI@EJYTLATC.com"	1	0
"BXNXEGAYNW@EUMMSVHP.com"	1	0
"YVMXZCGLRAE@GICYP.com"	1	0
"PVAMLDIWVNR@KSAVWPV.com"	1	1
"DKVBOAUGBMEM@YVEFDS.com"	1	1
"ZTXHQNYWCKAI@OKNYRJUI.com"	1	0
"VHCRFVPNFWCT@RYBUC.com"	1	0
"VCLNNRAFPP@SSNHBYE.com"	1	0
"TIWNFEASZS@TDJPP.com"	1	0
"RYPPAXPGBE@SCSBSA.com"	1	0
"YJVHQLZYUF@OWCSHFZ.com"	1	1
"outdoorlivingEYJFC@yahoo.com"	0	0
"QHCKDFOICM@GGIRK.com"	1	0
"MUPWBAFBXOR@FBIDT.com"	1	1
"XGWFTHLUXC@COFYKK.com"	1	0
"UWMQQFGKNX@JEFOM.com"	1	0
"XUWCKZJKNQSZ@YRDRWK.com"	1	0
"KMWVQOUXNJG@KBGXCDXN.com"	1	1
"JASWVBILMAM@DQNQYCMG.com"	1	1
"KLBgarden@yahoo.com"	0	1
"FDUPOSXZGDA@ATDVQMPP.com"	1	1
"HHTWGHIRMBBN@YZVAGLIH.com"	1	0
"QSHDEOMGCRL@TFCERFE.com"	1	1
"XAUJFGZRBXTT@MRIVVDL.com"	1	0
"JQPINXOICOF@CQVXRBTJ.com"	1	1
"HSPHDSEQMM@KHRASIR.com"	1	1
"OGBIVLEBMGHL@HMGQDMJ.com"	1	0
"ZYMIYJBAFYH@XSAOGGL.com"	1	0
"LFKXEZMPlandscapeengineer@yahoo.com"	0	1
"IESUSKODIXPO@WDQGZF.com"	1	0
"GYXGQGOYTJU@HNERQDSY.com"	0	1
"LHHJZFUTPCZ@ACVNXYI.com"	1	1
"AOUJATZNBTP@YRGERE.com"	1	0
"EIXYFHCPVJ@AZRXGEO.com"	1	1
"KBOZUAUEUFS@DAUEZS.com"	1	1
"RWUULLRPEWR@ONSRLHNF.com"	1	0
"DSPXVYYZPK@SIDAQAEA.com"	1	1
"FOPFUYZAFQ@UAFRK.com"	0	0
"JUPLADAKTI@SWZBVWOM.com"	1	1
"TTSEUWKJPBCY@KADMIRS.com"	1	1
"JCEJCTXTYXR@XFWWNCDE.com"	1	0
"ZSWHVLRW.ZSWHVLRW@gmail.com"	1	0
"CTPJWSLTSKH@CMGTXJ.com"	0	1
"WJHPAWHGIBO@YXDSMHO.com"	1	1
"RQGURNMULZCM@KBITHNV.com"	1	1
"ZHSVQBEAHNAK@KJHOQQ.com"	0	0
"CYVPICDLSGQO@BVXXDKG.com"	1	0
"RTQKMWXUHYAN@BCOUX.com"	1	0
"WFIIPROBPZT@PZFXTQT.com"	1	0
"OASFNLWKDMFJ@OOKQD.com"	1	1
"ITCVWSDUPJI@FRHMM.com"	1	0
"HTVSNEMFEO@WWSJCRC.com"	1	0
"AONIVVWAIP@GSGDFI.com"	1	1
"YCXJCWIFKU@MKASDS.com"	1	0
"LTKEMJAXFQNJ@GDZVIHZ.com"	1	0
"IPQEMNCZXCCB@ZQNLTEGR.com"	0	1
"KULPUBKLEGO@RBRTH.com"	1	1
"MTJWTJPNYGT@JLNPTARG.com"	1	1
"NYWSDWEAUB@GLODUU.com"	0	0
"TNDCZNWHWYDS@JPJIGI.com"	1	0
"LEFZCECTEPIA@SMNJUVDE.com"	1	1
"DWNWBZWCQX@NESXX.com"	1	0
"LFXJFGEJDD@KDKFV.com"	1	1
"KAQDZAYKJZ@EPGIZYW.com"	1	0
"TGSKHTNRoutdoor@gmail.com"	0	1
"QHAGSNHEFK@LOBHP.com"	1	0
"WWGPYGTAEVS@NBCGCBKI.com"	1	1
"CXCVEPAWBPKT@SDBTJT.com"	1	0
"GTIMSQUVDF@QXXNSYUU.com"	1	0
"DBFPBMSURGZW@XPKWKA.com"	1	1
"XCJANOLOXTIB@THYVRJRI.com"	1	1
"WJGBKCOMQP@ROPWENP.com"	1	1
"GRPPVDLWRJ@BMHTNNNF.com"	1	1
"YLCVOIVOMGAV@WBBQJWE.com"	0	0
"HASAVLEMWTI@MDGMZD.com"	1	0
"ALGCMFQIWSZM@PVGAOWN.com"	1	1
"BXRVIXGYGB@ZELWVRUY.com"	1	0
"KGNMNWQISUDJ@LJUKHXAZ.com"	1	0
"LQZ@yahoo.com"	0	0
"FJLFBYZZGLMZ@CXTRJ.com"	1	0
"FYGEEWGUUEUD@XEKXK.com"	0	0
"PTQEQCUHYABQ@TWJBUBOB.com"	1	0
"TUJGLPJEQUSO@VCSVXFN.com"	1	0
"LHNZVgarden@gmail.com"	0	1
"KIUYYNPFBFKF@FUPCDLE.com"	1	0
"WDVFRRWADACX@PEINE.com"	1	0
"WWEDVYDURQPB@CKFXF.com"	1	0
"ZKEXUXWJZJT@YMONN.com"	1	1
"GLNCPCFHAE@IOKIA.com"	1	1
"ANBQEKMOLP@FFQPRW.com"	1	1
"LYMTZBKMKMZQ@NJZEHGID.com"	1	1
"VRAOSADELHUT@TOUSX.com"	1	0
"QCSKDQBHMTE@ZEDFIOJN.com"	0	0
"KGMBGWRVDO@XRAVHYRI.com"	1	0
"OCKQXAVLUPX@DDILGNE.com"	1	1
"AKYEOOQFBLZ@HVPAC.com"	0	1
"MRWFZUFBALV@LIGUWO.com"	1	1
"CGPEZVDIUARC@IEZTVK.com"	1	0
"DSWIREBUIX@VKHTQZN.com"	1	0
"ZDDGCDGSRAQD@VKRROJD.com"	1	0
"YTKNPMGXNZD@BHWAQZV.com"	1	1
"ZTYOATGRXHY@OIJMVOPM.com"	1	1
"VNBXQEBOUMH@EYLBGSS.com"	0	0
"JTHPMNTXXZ@ZAGGOZUF.com"	1	0
"BPVDYJDZNK@TQMNBYT.com"	0	0
"LTPNQGOIDSV@KBUHM.com"	1	0
"WOFIZUAPDRD@NXUSJI.com"	1	1
"LMAQVPTMIL@SAGLBA.com"	1	1
"OSOYSAUXSCPQ@FDUYMPAV.com"	0	1
"LUEWAWENSYUY@QMPRF.com"	1	1
"VORNQNTLUPW@QSEOG.com"	1	0
"KKMYHYUWXJRL@BDYMKAUZ.com"	1	1
"YQJEKJVUGO@DMAWPA.com"	0	1
"QFPMLMZCNMSK@GLYUE.com"	0	0
"ZFXUBLAUUPY@GJILCXW.com"	1	1
"STYASLUWWK@ZRMPJV.com"	1	0
"ZKWASLMEZXYV@GDWAFTRC.com"	1	1
"LVVANYEIIM@VVUEOG.com"	1	1
"FVOSQEXELX@RJEQDBQ.com"	1	1
"APQMUXQKDN@PSJCXPED.com"	1	0
"JNYFREIAQP@NFVTMJIB.com"	0	0
"LPJDNWMQCY@FROCEWU.com"	1	0
"STRSPFDJXUDF@KQFVGBS.com"	1	0
"NFZDMROIZHWU@WINHPH.com"	1	0
"KZEYYJSGPTW@RJAXMM.com"	1	1
"YZTMEHQJDJK@NSOAZ.com"	1	1
"ZGSDYVJGJTD@XICFHIF.com"	1	1
"ZOBDBJUXEDXU@ODZQIIT.com"	1	1
"LVNAHKPIGIG@KKSBGWJV.com"	1	0
"HLAUWYVIOJ@NDDIADK.com"	1	0
"UNVOBXPNVRU@QUSMPJBB.com"	1	0
"KIEGWVMLZSD@XPEGIF.com"	0	1
"WXQVFTZVXH@YXHGJ.com"	1	1
"EXRCMCSZSRL@MENVWLR.com"	1	1
"AHFADPWNOM@QXQHTM.com"	0	0
"LJTRQKNRVD@NBZJE.com"	1	0
"YHDYQFCXNSY@LIADX.com"	0	0
"CIMBLXLCJQW@JVWLDXQJ.com"	1	1
"VYJCQIILVWVS@XVHXO.com"	1	0
"HOEEQHLOCS@SZFVAC.com"	0	0
"YIILVVCRZBGD@BMBNJS.com"	1	1
"BWXOUOMQNUJ@HXGELRT.com"	1	1
"TVTHXKQLAS@CELUO.com"	1	1
"landscapeengineerQJDOUAOL@store.bigcommerce.com"	0	0
"KRSVVHSFZVI@IGMJHG.com"	1	1
"WHQJDAOZPW@VQPEPB.com"	1	0
"CRYIRXONUB@MQCPQNFA.com"	1	1
"JPZGWHZDFQKG@GUPFRB.com"	1	0
"SXMTVERFVT@ZEBPNMSC.com"	0	0
"NNKMWWVRTW@SHWKM.com"	1	0
"CNADFACHRQCY@ZRAHPD.com"	1	0
"EHXVAGYZSDN@FSOCQ.com"	1	1
"FNIYDBKRRJTF@IPGWHS.com"	0	0
"SELHLGGXXKWU@LCLZLUOO.com"	1	0
"WRSSZHSQNJ@KRVPQ.com"	1	1
"UJPUYTYDNRXW@TFLMBA.com"	0	1
"NSTBWIACVK@WANDCBY.com"	1	0
"UAUZIBEOKWL@DWOBKPB.com"	1	1
"CWYNTLVSJG@CLECUHRB.com"	1	1
"PTDSBWJAZA@AQIXEGKX.com"	1	0
"SEYYYESEMLVF@XQGBYR.com"	1	1
"KYQUWQLFFE@VEVLFIDU.com"	1	0
"EUVLOVXZCNOX@VDUDUT.com"	0	0
"CUUAN@hotmail.com"	0	0
"UBQEQVRVOAW@DWEPPL.com"	1	0
"MJIYMKZHNG@BIYVD.com"	1	0
"CGLAHAUDKFJY@ETVTNPW.com"	1	1
"ETAVFMOEKM@LNLOPZ.com"	1	0
"CLROGJGVEUG@SZIRLKRQ.com"	1	1
"FCMNYCUKEMAA@QFIULTTL.com"	0	0
"HVGNPLAOYFZO@EIVPU.com"	1	0
"XJFCXPNLGBTL@NSTASXV.com"	1	1
"ARPYXKLAGPFU@HSIOSK.com"	1	0
"QSFGQCJLAFCG@BBVRNHL.com"	1	0
"XQSPZKOKFO@NZWQV.com"	1	1
"GTOEFKCPGAE@LIWQDGL.com"	1	1
"RZAGBIUDKYS@JMGONSCN.com"	1	1
"QKVVRDNPXTU@DKTMXWJ.com"	1	1
"GJCMBFQZXUD@GJOBA.com"	0	0
"AUCYLGQIBHI@FNQPDY.com"	1	0
"AONTBPFDQILS@KUCISHM.com"	1	0
"GNMOJSYDOTX@TFOUYFAF.com"	1	1
"TNFUJRMARLKF@BUDALP.com"	0	0
"DBRJBKQBSXS@LKEIR.com"	1	0
"BQMYXZZXGO@ZBDQLZ.com"	1	0
"ZVUFHDLFSWVJ@WUELWI.com"	1	1
"XPCJSMPDKPEL@QJBQT.com"	1	1
"NHVHXTWNMPGY@AMWIVTP.com"	0	0
"DWTWTAMPYEG@QJHHIE.com"	1	1
"WSXUZLTUWW@BKMTVIVG.com"	1	1
"XRQNZSTBDL@LDNYLMX.com"	1	0
"IQRCJYNMMUL@BUIVBALE.com"	1	1
"HRNHRBQSCYAW@ANTKPWQ.com"	1	0
"ZTTQXPYPVPQT@IDKFSBOE.com"	1	0
"NYGIENPMHG@QSKBWL.com"	1	1
"MNREJYFIKED@DOVMWV.com"	1	0
"FGTNVYHCKD@JLGNGVMQ.com"	0	0
"supplyOUNI@yahoo.com"	1	1
"PZWYTLTBQU@MOAQGE.com"	1	0
"SCZDQKIPDRIL@PICYUFZN.com"	1	1
"RYZQMDNDYRB@HAERUSPQ.com"	1	1
"PTEPUPFLEB@LGVSECKQ.com"	0	0
"QCYVYUBJCAP@YAXOGTVJ.com"	1	0
"SQUZMPSWUM@HGZTIFJN.com"	1	0
"URDUQAEYZS@EITEUJ.com"	1	1
"LQSKNCSOKUBI@VOSXYFQI.com"	1	1
"IVDTOQIRUO@DZUMYNY.com"	0	0
"TWWTOGFJTTQ@HHNTJH.com"	1	1
"RGLMFNTG370@gmail.com"	1	1
"NXXCPNAQMGV@CDSZIPKI.com"	0	1
"JJMLXMVNFID@UBBDTTX.com"	0	0
"JBIPKKKEYHQ@JCBYI.com"	0	1
"DNHHUJHUWBDQ@ROXMTFSE.com"	1	0
"IUJCCFFNGN@NIDDHLBG.com"	1	0
"KSJVHQTZLPZ@DHABD.com"	1	1
"TJCTIEJQMFU@RBUHKX.com"	0	0
"DDGFMWQMEWS@QIYRXK.com"	1	1
"EDBCFKLMVJJ@DMSST.com"	1	0
"FVUMSFOVKUQW@AZEIIMN.com"	1	0
"CZILYPCJXXCJ@XIBXSHL.com"	0	1
"JSJCMALDZV@HFZJIVQZ.com"	1	0
"VTSUAPXVDS@TQLYU.com"	1	0
"QVXSHIULHAWN@RAGBP.com"	1	1
"REMEFWYKBIK@DVZOPT.com"	1	1
"IOHFIW.IOHFIW@outdoorZUV.com"	1	0
"DOVBFDSUJGJ@USCGDAG.com"	1	0
"JCUFSNGMWX@MTORLE.com"	1	0
"OGJTCSIJRIP@HJFBF.com"	1	1
"homeandgardenRLHYIZFQ@yahoo.com"	0	0
"LMPHYOOUNDM@QCPEWGH.com"	1	1
"MBMCJFXPMXKP@MESXQ.com"	1	0
"LHDKHAMUVRU@OQALHV.com"	1	0
"MQCNVTFGCCR@VFYMG.com"	1	1
"AGJJLDSTGPH@RNYHZCXK.com"	0	1
"MVBEYHLYKWZ@LZXCKZB.com"	1	0
"NAWGTOKXYZ@ZPNXNRLX.com"	1	0
"GVNYLPPDBWB@NIDQQ.com"	0	1
"HDDMNPKYHOS@HHHHU.com"	0	0
"OVCXHFHTEX@DBHWX.com"	0	0
"TURZSAWCYL@NVVPYN.com"	1	0
"OLCHUJCBNGM@HDZJZRW.com"	0	0
"QXJBQECIGEX@FWAWM.com"	0	0
"WGHQSCADVN@UWLWF.com"	1	1
"YBOGXQYNTN@URHEJ.com"	1	1
"WYTSDHXFEVL@JELHHWWO.com"	1	1
"IZLRNJPIDB@BKDUPDDB.com"	1	0
"WTSRAZCNDHG@CTLJYYN.com"	1	0
"NOINJWXIPJ@WWMHZ.com"	1	1
"YGOFDBXAQLJC@AQEHGVK.com"	1	1
"COPNVPPYOGTQ@WAIHZ.com"	1	0
"VUMHBVSJWHXK@AROHV.com"	0	1
"FWLDQUBQGJHF@JHQQPAUG.com"	1	0
"AXQEJGENEEJR@HAJAPTGL.com"	1	1
"KAWTUDXSPRLZ@MKYFYHT.com"	1	1
"PCNGBPBPTAO@WEAXSLE.com"	1	0
"MRLRZLFHETF@JRQLYVN.com"	1	0
"RFTDDKKJTHD@MOEIXMWO.com"	1	0
"IUVFLDU77@gmail.com"	1	0
"HSXXKHVWTHU@ZLVWA.com"	1	1
"VKLJRMZPMFHL@XLIACB.com"	1	0
"PFFSHOAESWOU@YJGZEJF.com"	0	0
"PISENDIYNL@IMZPFUK.com"	1	1
"HXPRPMADQSP@SJENN.com"	1	1
"RPXBLBKZBZLE@LUSKN.com"	1	0
"QJTN16@yahoo.com"	0	1
"QPLLFUDCPUG@IRHWMJ.com"	0	1
"PHVIBCPDNM@EQBVXJS.com"	1	1
"SQEOOLODNL@HNNJFEZL.com"	1	1
"BJHNQMMDST@WMTEKQ.com"	0	1
"KBNUFNHUNTL@UDBYIBQ.com"	1	0
"KIRGWWLTZFKM@VCVZTFI.com"	1	1
"TZHESYIBOKK@LCZTYFRG.com"	1	0
"CFBTYPFSFXK@BALXJN.com"	1	1
"PCKVNNPEOMD@IQNEUIGF.com"	1	1
"VKULKATEVYM@NBFHH.com"	1	1
"IAGCPAHFOOHH@IUGHLCTB.com"	0	0
"ENGXISWNSCN@TUETH.com"	1	1
"UTPOPVFBUNDQ@DLOZLKM.com"	1	1
"WNHVAGFNQR@SDNEO.com"	1	0
"KUYQCMPXHQ@RHLIES.com"	1	0
"QDPYGLBOSKAN@QYBKXBU.com"	1	1
"HJJFZDUZYXFT@LFWUVRFV.com"	1	1
"GKFAZWHRJPD@XBSEIO.com"	0	1
"UBXDXLCUZDG@NTCQNLXJ.com"	0	1
"HFMFLBLCLPY@BICJZ.com"	1	1
"DAYFBVVCPTUF@QTXYWSC.com"	0	0
"RBHRDGCXWFCN@HFIUBL.com"	0	1
"NJHOEWRACHY@FMLTHO.com"	1	1
"GHINPQCCJEW@USKVGU.com"	1	1
"IBMAWNYWHQDH@XPTAXGU.com"	1	0
"JWEESJHUIULX@BLPBKTPH.com"	1	0
"VOXIVZBRNR@EGDNWH.com"	1	0
"AZDJRDUEDPEC@FOIDVH.com"	0	1
"JOCLRHSNOZ@XIBRE.com"	1	0
"ILNKBMODFNPQ@CMIIRL.com"	1	1
"BDBLCPZMEJG@SFODHJMN.com"	1	1
"NXDIIVPRWGIS@FZZORBC.com"	0	0
"TLZWBRVMTE@WUMFB.com"	0	1
"FVQEDZORSAP@MDTOTHHW.com"	0	1
"WJDDLNAIQBTU@CPMCNCL.com"	1	1
"WGVOQCGDJB@LXCVNIT.com"	1	0
"MYLEWECMHL@FPQVM.com"	1	0
"FGRSZBHPPWCA@FSYPD.com"	1	0
"IEEJRUZBYSTA@SINOASLV.com"	1	0
"JOLAUAXUZC@IWOUD.com"	1	0
"WVVLPBALPP@MPFBMSMD.com"	1	0
"YIZFEUMJDSRW@BDVEUZXR.com"	1	1
"QSIOOWWHAFE@LBCKQ.com"	0	1
"FTBOSXBEKNMU@EQUZE.com"	1	0
"UINMFWBMWVXC@IZNVNLQ.com"	1	0
"UDLZZCNSDF@GIEEWOF.com"	1	1
"USLUZUITOKW@UEPEK.com"	1	0
"ZQXYTFYEQQA@GJMZZDF.com"	0	1
"outdoorlivingAHPZUIY@yahoo.com"	0	0
"QFAZQEZGOO@ZURSVYAC.com"	0	0
"EAJTCXOULLY@THXRRRER.com"	1	0
"AJHSAOVBBSCR@PIFCT.com"	0	1
"GNNXGTUJSC@VVKXENO.com"	1	1
"HLUQJQKHFFI@YBAGTYU.com"	0	0
"SEVDTPFVHGP@JAWJZIIF.com"	1	1
"NXFKWWTGQQWQ@GLTCAL.com"	1	0
"GNGOYZJMSNPP@TQATLQM.com"	1	0
"XTLCUQKXTKQF@UGUKWLK.com"	1	0
"outdoorlivingMBBXPN@yahoo.com"	0	1
"VLMYZXRHORXE@CAVXCCW.com"	1	0
"WPBEOABNGLNP@VIINDWH.com"	1	0
"FYFWRFOBVSI@MROAPQS.com"	1	1
"HDFPJHBKEICH@XPFYZUA.com"	1	0
"YHJXTGBEKJO@APHTMAO.com"	1	0
"FCHSDOGPOF@RZQLZVE.com"	1	0
"CGRAQDNLJKQ@TIQLT.com"	1	1
"ZWLALKBEMPG@LAMLRDD.com"	1	0
"SQCUIIMYMX@VXBVGUF.com"	1	0
"LYQAPYDVXVQE@CIHHWF.com"	1	0
"ZEABEJJQAF@SCPCF.com"	1	0
"RVTCIAMJWL@JYPKWQIN.com"	0	1
"KVQMPVHNQFNG@KVIUQGLE.com"	1	1
"XMZOZZLOHE@YGSHJU.com"	1	1
"WXSRARQRDDEW@BJKJMX.com"	1	1
"PUOUDCNXGMM@NETNWLBA.com"	1	1
"HPPZINIEHGLX@DGRHXTG.com"	1	0
"MDNDAVPHAHAA@VIYDNFTO.com"	1	1
"BCRBDNSFBB@AZCSHX.com"	1	1
"CZATFJNSRLQQ@FDZGZSX.com"	0	1
"MQXRSDCUAV@PSKLAXMM.com"	1	1
"OBAOSOJBAF@CWCUM.com"	0	1
"VPPRYVMVKDPU@KDAXVPXF.com"	0	1
"ETRFKYOJPHO@MLLXA.com"	1	1
"GAPPGFGGPKQ@XOVAAUJD.com"	0	1
"RZHVYSNVXKDV@QDRDIR.com"	1	0
"LDDOORGJXT@JPYWSM.com"	1	0
"MPVVQCECMSP@IKJUVK.com"	1	0
"WYZOLDUUCKVW@PLKCA.com"	1	1
"OMRKODAHDOQL@RFNIF.com"	1	1
"UNGJMCOWYJ@WOMTE.com"	1	1
"GOECGQQVMN@RVCFNEZQ.com"	1	0
"CADOPEGUAF@AMKIUTB.com"	0	1
"DNZPILRKXBTL@QTWFYW.com"	1	1
"XDYYCVACDL@NFTMEW.com"	1	0
"VLDTPLVRWSVN@NTWUUBXX.com"	0	1
"NCETTUQCPXA@TERTIA.com"	0	0
"WWFZRPCGXUL@TRUDSV.com"	0	1
"RQAVTWZMUU@JJBPDZMO.com"	1	1
"DMYGQATPESF@LRIKTUY.com"	1	1
"HWLJXUWOEOZ@JUCWOH.com"	1	1
"NZIAREXTXD@GUTRVJJX.com"	1	1
"RDDDDJIROSD@FGQGDIW.com"	0	0
"DLSZRYXZLTI@XAMMCLIF.com"	1	1
"JSYPTYGARIB@IICXTRJ.com"	0	0
"WYCBUPVNRN@XNZME.com"	1	0
"JYQTJGZCHTG@VUQOUW.com"	1	1
"BABRCNMLKWA@HKDJHCT.com"	1	0
"PTOOGQXIOC@BIYCVLQ.com"	0	1
"SULLYPKYAUB@PTKBD.com"	0	0
"QOWBAYXZNP@AXZQS.com"	1	1
"BJBDDWILKLU@OAWEXLE.com"	0	1
"DEOHBMJMRZS@HZMTFMK.com"	1	1
"PVTIFCAoutdoorliving@gmail.com"	0	0
"YUZAYDWCFSAA@TLOQYY.com"	0	1
"VBLPDYDFVD@PAKTQW.com"	1	1
"FTVSSRYHMUS@VGYAXGW.com"	1	0
"GOJSPSNJAOX@IEMCDIS.com"	1	1
"DVIMNDUQYIC@HQZVJHSN.com"	1	0
"XTLSLFMYSLU@ETNOZB.com"	1	1
"BNRAOHCMEH@VXPEBWOJ.com"	1	1
"AVMJXJZYRHWB@ZTFSY.com"	0	1
"XHRCYRGMXD@TJYHKJI.com"	1	1
"CVLOGA@outdoorlivingYQT.biz"	0	0
"ULBCDPMVIHSI@RZBXRFT.com"	1	1
"PUIEJBWKYW@DJKXY.com"	1	1
"VKJQJLKSZV@NZQDXON.com"	1	0
"LJYPBKVSPER@ZITDK.com"	1	1
"IHSQPUBRLJSZ@JCMSPFL.com"	1	1
"APODKYLESDG@YVQEXT.com"	1	1
"VVEAIPOHCVVE@XWYDIKWM.com"	1	0
"GETWJRSRHJX@KRXQGYCL.com"	1	0
"EIKZCHVMCQZ@ODXJSMJ.com"	1	1
"CTRGDSBKYOU@HRTPV.com"	1	0
"KQSVTGMVNMU@DDTYG.com"	1	1
"AOORUEBEIAS@PGHZYFY.com"	1	0
"BUZPUAHJUF@DZMSWTQ.com"	1	1
"CYYFPKARURP@UBEZWZJI.com"	0	1
"NPREIW@yahoo.com"	0	0
"MGQQZVXIJJXK@DZQALOH.com"	1	0
"GMOSLYXTXHT@CJLIDRJ.com"	1	1
"outdoorlivingTGXNDMME@gmail.com"	0	0
"SCRBLT@QIQorchard.net"	0	0
"DBLEZGMXBVSS@ZDQRSFSH.com"	1	1
"MHODDTKBGROZ@QZDYN.com"	1	0
"SQDQJXQXHVW@YUBMTN.com"	0	1
"EUUWIHLFWM@VTFJKU.com"	1	1
"GOFRIY684@gmail.com"	1	0
"NPKLFGPXSEVP@MKXONC.com"	1	0
"POBKYJRDVQW@NOTNMMA.com"	0	1
"landscapeengineerQFKQDJBT@yahoo.com"	0	1
"YIMHAAONCC@HEKQGLJ.com"	1	1
"ZFAWOYSAVGLS@OVIFTTR.com"	0	1
"NEEFPHATQAV@OPGYYL.com"	1	1
"UQGKFWBIROUF@HGEBTGDT.com"	0	0
"AJXGSLBPCCS@IVSUTO.com"	0	0
"TANQQZNRFZP@IZFMSJJ.com"	1	1
"VWRWJOQIVZV@OZGRXLAL.com"	0	0
"GJBLPUWKHR@TBORG.com"	0	0
"VPFRZTDUgarden@yahoo.com"	0	1
"FNBCSLLYQYB@FVTVHIC.com"	1	0
"QOBPLLGVESAI@ZOAXZPH.com"	1	0
"SOFWAHNKYIKA@BCWROD.com"	1	1
"QYJJSJPCKCK@TDHDL.com"	1	0
"GQOAPVKJSQ@ZGYEGN.com"	1	0
"KKDBOGTPTR@ZGJJUK.com"	1	1
"TDWWZMWJXRI@GEHIKNW.com"	1	0
"VHRUMZLQQIN@VNXHGSM.com"	0	1
"ZYLQVYPYZMAX@MFLSH.com"	1	1
"NEHXEOSFWR@TPXPEUQ.com"	1	0
"ZIUA101@yahoo.com"	1	0
"CSCXPXSGIHVY@GOZQOD.com"	1	0
"SKXUSLQNCGO@NYNHGRTT.com"	1	0
"CCLJFKZCWS@QOAWLEQ.com"	0	0
"DPYHIIEAYT@JSWZMCQ.com"	1	1
"QLEJZPWYOVK@WVERD.com"	1	0
"IRIYRKUHIDC@HNTETVUS.com"	1	1
"OGTCUQAKAHKU@MIOGJQ.com"	1	1
"YVADRLVUFKKQ@YQWTD.com"	1	1
"UDLXRUFTQMQQ@ZQZJKCL.com"	0	0
"NIDAXTATODAS@IVAXJM.com"	1	1
"FGUVXTTQCWEC@UQYYO.com"	1	0
"TEEVGXJHBFKR@KGZQOLRT.com"	0	0
"BYMNKZAQPR@MNLZSU.com"	1	1
"ICGNYNDGGH@JRRNHWGK.com"	1	0
"KNLJOJSVWQR@UHMSUU.com"	1	0
"CJBAWQUHIW@GDTYMOA.com"	1	1
"LUPGREEWQP@NMEJFBDY.com"	1	1
"KCTDFSKBGWW@DSGHIFN.com"	1	0
"WTBVYTZCQY@ALKIKESU.com"	0	0
"HBWGXBJLFFMY@DRBGYZSI.com"	1	1
"OZENSRJEDKF@DCUFHKW.com"	1	0
"VZGBSVDJMENI@XGBXKVS.com"	1	0
"KPEQKQUJCO@POWKFS.com"	1	0
"PNTIUJGTZKMC@CYMHJ.com"	1	1
"BMOXRVDMZXPU@VXJBGTA.com"	1	0
"FGAWLDTHCAWD@AQJQQXKC.com"	1	1
"UUEHPXNDXHVQ@UDIWP.com"	1	0
"MVBGKHZYTF@RCOYSZ.com"	1	0
"LDHPVPGGQG@QGOUCUM.com"	0	1
"EPYIISEKVV@DDVEO.com"	1	1
"MXFPJIZPFOVB@KURAS.com"	0	0
"VUDPLJCIBI@VTEZSSZY.com"	1	0
"YFVJLAGKERN@NSFCT.com"	1	0
"DUAZHJUEGTIH@WRYATENV.com"	1	0
"NXWALDVPSIH@PLMIYW.com"	1	0
"BLEGITAFLYAS@MDEHUSW.com"	1	0
"PDSFXVTTCBI@INJCAHX.com"	1	1
"TNICNSPHZWI@XWUXZKCB.com"	1	1
"VYUSMYJTCGXW@RVIUW.com"	1	0
"LWJOWBFJKAP@VSDFQTVY.com"	1	0
"GIIEGEFKUKSF@FYUVC.com"	0	0
"GOFJSOFOZHW@XHXRCE.com"	1	1
"LFNAKZAQQNMX@BXLYM.com"	0	0
"UFOVCKLMHU@AOVCRKTN.com"	1	1
"OALGRUAWPJGT@UIQTSHS.com"	1	1
"QZXGAKRIERE@FEHJONVQ.com"	1	0
"QBLTXPKGFKZO@MJCGU.com"	1	1
"UBTGLWWIOW@YGZZDOA.com"	1	1
"BFYTVBBHQR@NDMGOZI.com"	1	1
"QGORKEDCQUP@UUAXT.com"	1	0
"NYXIWZUKNRS@IDTJHXS.com"	1	1
"LZQMZFGZOFKR@XJJRW.com"	1	0
"PETHISMVWR@XDGTTQ.com"	1	0
"QDZQLIMRWMQ@BLTSLB.com"	1	1
"LNZVGDSBGVR@DUGMQONC.com"	1	1
"BCCDBBPHOZ@JZQAYSN.com"	1	0
"FXRWZLSUJZZQ@FEIKM.com"	1	0
"YULNRTIZSNJY@MGHLWUW.com"	1	0
"PIEIGHXYBJ@DZJZO.com"	0	1
"XQULZZJJFHN@LONLN.com"	0	1
"ANQOEVKVXWBW@LORBTECY.com"	1	1
"JFQRMRLAWB@CPUJHNYG.com"	0	0
"VOBHWZYFZOE@YUWLE.com"	1	0
"IUTWBBMYVJDF@DEWFJ.com"	1	1
"FVMMNYIFMHR@LAFPV.com"	0	0
"TDEGJMOPJC@JCGHCPC.com"	1	1
"MSLHDHDVVYY@WHTNPKOE.com"	1	1
"JNFSTBVPTNH@XZDOC.com"	1	1
"GSWEXNQnursery@yahoo.com"	0	1
"LBL.LBL@yahoo.com"	0	0
"AISKSCHEPXD@UREVR.com"	1	0
"FANTOKFIYPDX@NKWXKZE.com"	1	0
"YHRsupply@yahoo.com"	0	1
"OVPKLODBUJY@PSEICHK.com"	1	1
"BVPXFVFWGXMC@YAFMGTI.com"	1	1
"JCCJDNBSIA@HKFULDB.com"	1	1
"MGDTETYCEH@IEFCFUF.com"	1	0
"JZHASFAOGAH@YFXFSMUO.com"	1	1
"QSHlandscaping@yahoo.com"	0	0
"ZUURFACNGQCC@LNLFN.com"	1	0
"DNXCWYTPBAIF@JTUGE.com"	0	0
"JYWQBMARSXCE@QPRLXBQX.com"	1	0
"LXLMNEBVVB@DABYS.com"	1	1
"OWWAMZFMDST@WEJVI.com"	0	1
"AVUMWONOVVO@APNEN.com"	1	1
"FIGMUBGFXNJ@YBWMPT.com"	1	1
"PLQNEJXUEGK@GOWPPKAT.com"	1	1
"MZFUNIGZCXU@UVAYQ.com"	1	0
"JSTHHWUNHKN@OMHAIO.com"	1	0
"ALGIBBETQXM@JIDIWIP.com"	0	0
"VBKKRGZKFRH@UMFZDII.com"	1	0
"supplyJWZUCB@gmail.com"	0	0
"CDSJARJJDBX@BXFOU.com"	1	1
"YVWWMZMOQDAD@UWGFIWDB.com"	1	1
"RPZZDMZVBIQB@TBEPCR.com"	1	1
"EWQAZNYXPEMK@NHCVY.com"	1	1
"RGZJIKEAGR@LDZMHRQE.com"	1	1
"UYCWEUJMOI@ETNFUZWG.com"	0	1
"ADLGWNNVEWHP@IPAXJCYC.com"	1	0
"UKOAPFOJWDT@QTNGPAYA.com"	1	0
"VDCJXFNPDAH@AZFBDHO.com"	1	0
"OBMXBJCLURA@YOIGF.com"	1	0
"OUHQRDTPJNIJ@UVIDBGM.com"	1	0
"CZARQXJZSY@CFYFY.com"	1	1
"QMTP.QMTP@gmail.com"	1	0
"NLCNKKCMHG@UJEMQBPG.com"	1	1
"YLBBONJJIDI@VPYWWICY.com"	0	1
"NMVZTDULFNG@PFSTIOBT.com"	1	1
"LKSIAQALQZ@AXSQOR.com"	1	0
"JDSPJCOGJFB@KSNHFG.com"	0	0
"NIQBTLFKEKM@VBZGHMY.com"	1	0
"UMKGQPIHTGM@QYSVXRW.com"	1	1
"architectBPNFEBC@yahoo.com"	0	0
"GFZNGNBKPFO@GZJWYPNT.com"	1	1
"FPLRMULHIGZ@SPKWDOM.com"	1	1
"PWDQZDNXWI@MSZYW.com"	1	1
"ULHCRNRNGH@MEHTZSH.com"	1	1
"HHYKORLRCX@GVQANME.com"	1	0
"QUTRGAPPUD@RIRUD.com"	1	0
"YBYWTVVTUDA@ZKPIIEJ.com"	1	0
"UXQDLPZYEJM@BQSZJKJU.com"	1	1
"NWDHVXJAENR@QATGNAMN.com"	1	1
"CLTETGDGKU@CLGPYE.com"	1	1
"AGOGIZANEDA@SLRMX.com"	1	0
"JCUJWDYIFVR@SWRJY.com"	1	1
"DJCYJHGZIUN@ZKZTDLD.com"	1	0
"AAJMMSDFJPRK@HRTFDZL.com"	0	0
"SYJVYMRKBDFO@ZOGTVE.com"	1	1
"ZBLSYCJFNSBU@MQFONW.com"	1	0
"MHLVOPFGZC@ZEOMGNRB.com"	1	1
"OKLBGYCSOST@GEZPLXL.com"	1	0
"IEMSPFCRRCPH@WAUSIPKB.com"	1	0
"NEJDRWD.NEJDRWD@gmail.com"	1	0
"HCZBKJHFCBO@IZTKNU.com"	1	0
"UZZSHSWKUPIE@NLXVUCGK.com"	1	0
"MYEBAJXQLZ@QZUESTTD.com"	1	0
"SUBXPBLREJGN@QDCJLT.com"	1	0
"YOYISFDOPGW@OVTPM.com"	0	1
"GMTQLNYMAM@NGBIEA.com"	1	0
"MJTMWFBIFFEZ@MNJYZLQ.com"	0	0
"BMDMMWVJDCDU@UMNKWGX.com"	1	1
"MLHJPMXTBPLJ@SECUWUUT.com"	1	0
"JTWQZDCFYQA@HQJAJ.com"	0	0
"RXPJUESRLVQ@UFNEHW.com"	1	0
"MNLVLTWWIKHO@BRTUEQZA.com"	1	0
"PFFWMASPNI@TYWAFBC.com"	0	0
"RMNYLZJWALL@DRWLFJ.com"	1	0
"ABVREVENUJJ@ZQMQL.com"	1	1
"XWUEMIYISNR@EEUNI.com"	1	1
"ZJOPMBONPQLM@AKNUS.com"	1	1
"QCKGNRZGNYRO@JESMDWHR.com"	1	0
"VFSTHNEARB@RSWRWD.com"	1	1
"QUUDNLZONYGE@VZVPN.com"	1	1
"DORDNVTAFDG@IGYUD.com"	1	0
"CLPYNQSSPIQ@PVSHJEB.com"	1	1
"GEZMMBEGDHC@VDBNRLEZ.com"	0	0
"ZSBGUHGTIW@OMHSV.com"	1	1
"GFADBZMSAPTV@XSFXVCTC.com"	1	0
"KUEFNAONJXZ@YJEROZSI.com"	0	1
"JAQIZQ1@supplyUIHY.co"	1	0
"DPFAMZQXFQO@ROKKFT.com"	1	1
"TQOGRTBRFNYQ@HNLCTQ.com"	1	0
"KXVNNUEIJT@RKZRT.com"	1	1
"GTLRKZWOUT@BJNTQ.com"	1	1
"LZURWRRPJW@MHCSEN.com"	1	0
"GKKEDLNSTUCG@BGMXAQTH.com"	1	0
"FKFZJENUREEF@ZNNVMMC.com"	1	0
"OTEQHTQOEW@TSVIHSWH.com"	1	1
"SMSCLWONVL@NKRWMCJC.com"	1	0
"RMOTWJEAYKF@OYFDNQ.com"	0	0
"WIMGTSNQLQ@WIVNEP.com"	1	1
"UDRTPOINTGVC@PPPFLERD.com"	1	0
"AIWCEPPZWW@JALWUMRU.com"	1	1
"DWXHWVAQNO@CYOBXEG.com"	1	0
"NMZAJOELGOY@YQHLUHGU.com"	1	0
"CID@yahoo.com"	0	0
"ZXEPMQVKJFKA@GFLMKRMJ.com"	1	0
"WLIVTCAAZIY@IQJIE.com"	1	0
"VENJCFZTOBU@SJRIG.com"	1	1
"WMWFIFNMQK@LVSYGUA.com"	1	1
"HUNXCSOLPDQ@EQNJUL.com"	1	0
"HTFZPUZYKG@GAZKLG.com"	1	0
"LORXSENUML@FVRPX.com"	1	1
"SELJXRIYHFEQ@JAWCMQG.com"	1	1
"JGLKSAISGBQ@QPAZPEH.com"	1	1
"ROH@gmail.com"	0	0
"QILOEBSGRC@DVYBMICF.com"	0	1
"XAQUC835@yahoo.com"	1	0
"KJFZRBNYJAT@LKRNQR.com"	1	1
"XXF944@yahoo.com"	1	0
"CSXLPKKOADB@ETETKU.com"	1	1
"RTJCZEBISUP@EFHWJBSA.com"	1	1
"FWVXOPOXRC@JSVRAOJ.com"	1	0
"XHMFDINXDLRN@ZXEYLP.com"	1	1
"HVXGFCQGQY@XMFYNJAT.com"	1	1
"DRKUPGBTDCHP@HVYVMF.com"	0	0
"UEKOGMUORFU@FPTST.com"	1	0
"RQBIRQFTFRU@TWODDOHD.com"	1	1
"SNUCLHFLODI@XKNWZ.com"	1	0
"XULDJRCSKWY@HBHGMXIW.com"	0	1
"JXNTSXGKJEB@LWFHRX.com"	1	1
"YWWYLPKIVZ@YIKPN.com"	1	0
"BTRZVCJMFC@RIJRV.com"	0	1
"FNGNQIPHTY@QUNNKAD.com"	1	0
"MELTBMZCOI@GBUKIFW.com"	1	0
"PLENXZXYOL@ZRQRVQCW.com"	1	0
"TBJAKFHBHVV@QVIRMV.com"	0	1
"VERXIDLBKQS@BMKXLXWR.com"	1	1
"NPEEHNZOZB@HODHB.com"	0	1
"NRGLUHFCOEIO@ORLDYO.com"	1	1
"QOWOFJXZYI@TZUCCVW.com"	1	0
"TTMHSQOESJPR@REJRVR.com"	1	0
"GGZRLGAYHL@OLMQVGA.com"	1	1
"OXCCCWOHLI@SIPHOQ.com"	1	0
"MJXXODEHRQ@VKUCUU.com"	0	0
"HSOSCKMZJM@PLRJPYPM.com"	0	1
"SXGRGHDGANY@HEDIEZ.com"	1	0
"URNXGJAHQDZY@NOBNYGI.com"	0	0
"GAUSRERYQVZ@TJSZR.com"	1	1
"AVQUJMXLWET@JBHJF.com"	1	1
"ADKPHPIGQEW@KRGOHH.com"	1	0
"ZQGRIZRROTGV@WBPWVPU.com"	1	0
"LNTCPFELEU@IVLPU.com"	1	0
"OAONEKHZUN@JDSAEXO.com"	1	1
"UOYBQVNHWUAX@RQHXKUP.com"	1	0
"ZPPTPUKD.ZPPTPUKD@gmail.com"	1	0
"NJBYNPHODMWX@NWRJUYNN.com"	1	0
"QAIYIZASIRJ@JNQXVWJ.com"	1	0
"EPYJAZKVXWYB@SMGUHIUL.com"	1	0
"NFKMWBPKIFX@UAQYGBDR.com"	1	1
"BLKPZXGRKE@LMCTV.com"	1	0
"CGIDCGKKFTOF@ODSGR.com"	1	0
"EHBDLQTXMJAN@ETHLZME.com"	1	1
"MCUEVQDWKVE@AQKYUI.com"	0	0
"ENHECVLVCU@ZCZTCTUX.com"	0	1
"ATIUPYZTACJ@CNBISD.com"	1	1
"ODZFOEFHYSP@NVOPZZL.com"	1	0
"TLSDXMNKXQUI@UAARU.com"	1	0
"OYQGCCHHGSA@CNDFQ.com"	1	0
"WKDSKLIBGV@XNJZTZWT.com"	0	0
"AFVWGTPYQZQ@KZGQRZMG.com"	0	0
"RURIFHANXDW@ELOXTJYV.com"	1	1
"TLRTPOEBIZNM@AADXV.com"	1	1
"GGUIQZUXLLR@NQBSSB.com"	1	0
"MKDRUSVSLPK@YPGFTF.com"	1	0
"UOPRNFXBTXBN@NHKUI.com"	1	0
"OMXXBHIGDOC@UNQPIB.com"	1	0
"IZXCVEWZNW@AZCEYC.com"	1	0
"GRANTZZJJWR@QBDZXLUT.com"	0	0
"UJVYZKVLGCEU@EEELUCM.com"	1	0
"SHPEBVUEJB@BUMCJ.com"	0	1
"TBGPBCPTOKIW@UQHSCGGA.com"	1	0
"NHPQETUCAFD@WMPGSNPZ.com"	1	0
"JAEABULAJB@JOGXRYQM.com"	1	1
"QBDQKURXKKKE@MMSEUVC.com"	1	1
"BPJXZWSIIZB@FCTTKVO.com"	0	0
"XFURIKWZHY@ZYUFRNRR.com"	1	1
"TNLGXWLFBQ@YEPCNI.com"	1	0
"CKKJEFGTNVY@RMZBLGHZ.com"	0	0
"WJC653@gmail.com"	1	0
"ZSXRPFNMKC@ZDFMDF.com"	1	0
"LXJSZEDMSQP@WUXHGBP.com"	1	1
"TSCZBNVJJFZ@MGHRR.com"	1	1
"TDNCQLQFSVVM@VOQJI.com"	1	1
"EBLFSAWNKTJU@BQQDAY.com"	1	0
"AAOPZJGHFLVE@BKNNKZ.com"	0	0
"WBHMNHLVIT@JRVTPB.com"	1	1
"TKCWBKGOZLDV@OOVQDPF.com"	1	0
"LJEYYQIEDE@PYVUXLR.com"	1	0
"SFMKBVLEBW@RSATAJC.com"	1	1
"VXQTGVCKCNYK@IUWIP.com"	1	0
"MKCXWJUHWOAZ@HRPAAL.com"	1	1
"WWHOJEGTJOMD@YVLXGZMN.com"	1	0
"XEEQKGARCF@PUFCOUD.com"	1	1
"FOIRERWRYW@ZHMBA.com"	1	0
"nurseryEVAOSRD@gmail.com"	0	0
"HKTNASHANW@HPCQEQ.com"	1	1
"CDSBIJHTIRR@RRVRGA.com"	1	0
"IUPVYSLTCXWX@OXCAUNF.com"	1	1
"SWIADZCLOWG@UOYMT.com"	1	0
"YWKQMJACGZ@CASHB.com"	0	0
"RITNTOWYEM@TGCRC.com"	1	1
"TNGZCUIOHT@VCWFPBPR.com"	1	1
"PHPZLPPHFSLJ@NNGQXJ.com"	1	0
"QRZTEOPJFC@XTWGB.com"	1	0
"OMRTYBKXKPP@PNCRMGF.com"	1	0
"LGBXILATLOGK@XITGYJC.com"	1	1
"KZPEEYPVKILY@NTKEC.com"	1	1
"HEFDEHAZEGWF@KXJDFC.com"	1	1
"FWYKTVQPDDWH@IGKCBDZN.com"	1	0
"VDKYVLPWCDV@LBLTXA.com"	1	0
"KEXZLUFGIKE@MBENWL.com"	0	1
"SCLWPKHVVWP@MUAZYIU.com"	1	0
"ALCNGHDT@hotmail.com"	1	1
"QUYRTSCAPHD@KHRHSF.com"	1	1
"YUNPKEFIDKHH@YGFRES.com"	1	1
"NTVDRSXJAY@PZEEVSIL.com"	1	0
"NQFTFDHIYFW@WUZRO.com"	1	0
"GMIITVKTBKM@YZGLUT.com"	1	1
"ELAUUOlandscapeengineer@shop.magento.com"	0	0
"PMDNWDYIUF@VSWOLTIT.com"	1	1
"WARICHRRCCZ@GZMAQF.com"	0	0
"IJZRXXLHDXWY@LCJJAPH.com"	1	0
"NOPRANJEHCQ@SJGSONFR.com"	1	1
"CDBJPXJUHFRS@ZWZDNNWA.com"	1	1
"RDSWIFELRRAS@BEXWOA.com"	0	0
"STPKILYUMJIS@LFXLHNN.com"	1	1
"WBZVMOWHKNP@KZBYMOWX.com"	1	1
"WVLYAEEOGJOQ@JGEJKCGO.com"	1	0
"QHFPCAUOEXO@HVHUEU.com"	1	1
"UJRRBELBXSJK@WAHWHF.com"	1	0
"WBBHKETHWF@HGYGDST.com"	0	0
"YSVIDSUTGA@HUVGJMU.com"	1	1
"XFQGBSYEWEZE@VELDLBR.com"	1	0
"FXOHPEZYDR@EUBDX.com"	1	1
"SVLHDYZKCX@SKWWE.com"	0	0
"LIRDVNALVSC@WPLUTIM.com"	1	0
"YSKIDKCEQIVM@OHABLGD.com"	1	1
"ADCAWPESZQSB@MVXIG.com"	0	0
"ZNLAOLEWBG@OEHLMY.com"	1	1
"XFJKSMFIVZU@MRXSA.com"	1	0
"CWTFAFYBPYHP@XIGIA.com"	1	0
"WHTLDVQ@IHBhg.co"	0	0
"GTZYWCCCCTD@DMOWAQQ.com"	1	1
"DQUJTQCJAOTZ@AMMFFOYY.com"	0	0
"ZGMAKUXONPM@VNKKAIRX.com"	1	1
"KVKQKUSRDPDT@FMPUBA.com"	1	1
"XGRMUSSQOGDA@FXGXCMGP.com"	1	0
"WWLAMBWHYYH@CGRDPMY.com"	1	1
"LSHKWUSXHPA@BEKLW.com"	0	1
"CWMQPSDNDUIS@ATNWJRX.com"	1	1
"ONGTZDXISK@YBMUP.com"	1	0
"YQXOZVVRWIV@BLJUQB.com"	1	1
"HJGQFDSEVJ@KDFGXTC.com"	1	1
"FNRINGPQJR@SHJLIC.com"	1	1
"OSRLIPIILT@DQSLPMQE.com"	1	0
"AVIXVLECESJ@AFFJUK.com"	1	1
"PFFLIWLYIYM@EXJMFETO.com"	1	0
"landscapeengineerLGDL@yahoo.com"	0	0
"KNXLZIVOFG@YQNUPSDT.com"	1	1
"SDJMSFHLCZLE@HAMHVTBQ.com"	1	0
"UOZOXSDNFJNR@DALCYW.com"	1	1
"DRCNQFKTWL@KLGNWZN.com"	1	1
"CITTJJVBFHV@ZYKDZLVV.com"	1	0
"PWKLFXLRYUEH@TASJHLM.com"	1	1
"VRHIPXFF956@gmail.com"	0	0
"JEHSYKCVNK@WSRRRVX.com"	0	1
"QOGCTNTMUW@GMXFEA.com"	1	1
"DDWFNHELSK@IUQLBQ.com"	1	0
"DHZMFSUSANWA@QHURNV.com"	1	0
"CGJVRMFHRY@TUGLGUV.com"	1	1
"PJWEVWRSEVXT@BEUOYJL.com"	1	0
"PFFINFWYNE@MDNDXR.com"	1	1
"MSY.MSY@OMRAoutdoor.net"	0	1
"EJHHDQCBWXC@ZJNFPV.com"	1	0
"OXRBQLDYMBLD@LLQSQZ.com"	1	1
"AYHTTPLIFAQ@NYRXXB.com"	1	0
"KYBLKGINMCO@FQEJZBS.com"	1	0
"MQLAQUVIYI@UWSADEO.com"	1	0
"DCQSTDCQUT@FTRJYHSD.com"	1	0
"WSZDJMETGZ@QOOFZEVO.com"	1	0
"OZFKXWWEVR@TFORBRT.com"	1	0
"TUJJEUCQFDN@YTUKP.com"	1	1
"LKHDMRNBEHYC@ICQJOXW.com"	1	1
"IPIGEUDZVF@JRYLFK.com"	1	1
"NDBGWONLXGSC@WLASDE.com"	1	1
"MXZQNGIPFADD@PPKWRAL.com"	1	0
"XIZIMXBCCPM@GBOUPWP.com"	1	1
"DNATNEST@gmail.com"	1	0
"HXIAT@gmail.com"	1	1
"TPMNPPOSUDQM@LSRLKML.com"	1	0
"OKYUFGUYMUDH@QUDDWRI.com"	1	0
"IHMRBZMZGX@FSEYQTU.com"	1	1
"WGKTOTNIOPO@IFCLQG.com"	1	0
"TDEGLEOVRSF@RWHCYC.com"	1	1
"GCYCUVQYRLP@JHORRZQ.com"	1	1
"IIRPOFXAXO@CIUYTPLG.com"	1	1
"HHMBXPWWTKJF@MBRJQEH.com"	1	1
"YLHOTTUPRENO@BKUGVOTK.com"	1	0
"DJTWULTEDE@BQYLG.com"	0	0
"YHJQWVDZFWX@ENDTI.com"	1	0
"AZAJTEHAVKGH@WYSWH.com"	1	1
"GYQWEORBPQJO@TQFKJPQC.com"	1	1
"JNB533@gmail.com"	0	0
"ANAXWMBIDMJ@KWCAMHRC.com"	0	1
"LGOMCLCKTC@GEYVYKT.com"	1	0
"URSTRMKVBV@UIRXTUGV.com"	0	0
"RYCASXKJVGB@YECLUESX.com"	1	1
"MBNRQYXCJF@HAWDG.com"	1	0
"PPKBSSNHWRS@CFDMVO.com"	1	0
"QEREGMTZGWHV@DRRYB.com"	1	1
"HLFHKTWYPK@ADKHJX.com"	1	1
"GIRADZBEWHTN@TEBJWFTY.com"	1	0
"TJBLJYIYPZF@DFIWZXQL.com"	1	1
"XPHOAFAWXAH@OXMGO.com"	1	0
"RXZEDNEBKVP@QPPOWJH.com"	1	0
"VRTHIPABCR@PUZNTMJ.com"	0	1
"PHHGOYZUHRPG@SJQYBC.com"	1	0
"OZBVUXZLMPYR@IUGLI.com"	1	1
"BKSPBUKSKQI@VGZDBZO.com"	1	0
"BFQXWTQLBMOE@PYYJYR.com"	1	0
"GENFAWNNFUI@RYSGAN.com"	1	1
"BAQXBUZOELN@JBQTERJS.com"	1	0
"RCUGVQIoutdoor@store.bigcommerce.com"	1	0
"RJHDDABRJF@AGYWDFQ.com"	0	0
"JNMGQMSPUJG@HPZGG.com"	1	0
"TNCEVUPPOEU@EPUYYJ.com"	1	0
"JIVRUAKFQX@MKXVQY.com"	1	1
"DJRGVVCQRG@CLQMQK.com"	0	1
"GVJHKSZRBMIH@CFMFA.com"	1	0
"DUGYDUJHGPK@UDUXR.com"	1	1
"HJAOLHRZSIF@PZJGRLEP.com"	1	0
"MJBWMTNULE@FTZIKD.com"	1	1
"WHUIPLAPSKP@ETWGW.com"	0	0
"KPMRJMLRKXZ@AHGZCTLD.com"	1	0
"JXHWVOWNFC@WQAERDY.com"	1	0
"CXUAFMBXSYS@NWJNAN.com"	1	1
"RSVXNCSVEB@QPPCZJ.com"	1	0
"AVXQQCHTYX@PTPQN.com"	1	1
"XLXQBOAUHKY@TXIUTV.com"	0	0
"DWQWTQX@growerXOZ.co"	1	1
"SXSCEDGNBXS@DFUUIE.com"	1	1
"TOCVCODTUNHW@UCBDE.com"	1	0
"SNCBVVCOILEV@SHTXO.com"	1	0
"JCRTHPOBZR@VYYWCZ.com"	1	1
"AIAOZRUCJFIV@OGMAZ.com"	1	1
"EWGLDPLJFI@CFTGR.com"	1	0
"OSMIFOEGPMM@XDODM.com"	0	0
"RLXWANLLDD@OXQXUUN.com"	0	1
"BTBKXQ@yahoo.com"	1	0
"JCJLUNXHTZY@FTVFHUC.com"	1	1
"LIFKPSQJINL@RVGGCOAJ.com"	1	1
"RGXHZTPNWY@EXJRE.com"	1	0
"PXLGQVRLNN@WHYDAW.com"	1	0
"QYTJTGDNPL@BTBVGT.com"	1	1
"QJYGBMGPEOFM@KCIOGDVI.com"	1	0
"PEXSKDBWEN@BTTEZUG.com"	0	1
"TIOKMWJDJH@UAVZE.com"	1	1
"OVDNQOBNOU@BOGNHN.com"	1	1
"JRCXAPF@gmail.com"	1	0
"SEXBKJNYHEI@GRBZWWB.com"	0	1
"NOSXEPZSEA@OXTEJS.com"	1	0
"PZJNUMWTQGA@DGZFF.com"	1	1
"CERLMVLVKFMY@OFUSCPOS.com"	1	0
"ZXPGLCAMFGBU@WVSUIRJE.com"	1	1
"XAWJQEYXNTU@KBCOESOA.com"	0	1
"CXTWCYVVTL@QGODVPZW.com"	1	1
"ZAAGXPROLLMM@RPQEVNAO.com"	1	1
"XLAW818@yahoo.com"	0	0
"XRQSCXVD@yahoo.com"	0	0
"GBUORSFBOU@XUVCAZ.com"	1	1
"WSDVWFITHXDO@PZATFJSM.com"	1	1
"XKOXHJJUYSNO@WUQBLZKQ.com"	1	0
"QBLAKTBEZBF@TUQRUKSK.com"	0	1
"IKUNDYRLPLVR@DPZPR.com"	0	0
"OBHWSRDLCTZT@QMDOWWWJ.com"	1	1
"EYRLHVAGNHO@ZDUBMIO.com"	1	1
"EFGVVOPNBJQ@BAFECMEU.com"	1	1
"KVTMWPDVULBE@VQAUNZW.com"	1	1
"UPHXSOZRWXOQ@BXXOJICA.com"	0	1
"TOUFTIYBZQG@SIMAT.com"	1	0
"DRJDUAKXOTNZ@FTKAM.com"	1	0
"CNCCTIKYCK@OIJYSGH.com"	1	0
"YVTGJGSWXO@GXHBC.com"	1	0
"KSUQMYCZVORK@GMBUEEYD.com"	1	0
"JVCAOWZVNLWZ@JELRKBIL.com"	1	0
"LIOLPUXXAVP@DYPEYNAK.com"	1	0
"ROURQVVKEB@TFTQQEM.com"	0	0
"KCNKGSXOSMQH@IQFZHHJ.com"	1	1
"CZGNSTGMMJ@UQANVQ.com"	1	0
"FCEHNFPWUCIK@JWTBWIHI.com"	1	1
"ZXOEOFMNQNJ@NKWCHQ.com"	1	0
"OHSWLEYPNW@VGWPQAK.com"	1	0
"OOOUGIBXDG@BWMNMF.com"	1	0
"NDOJNHUBCGG@FKRWEG.com"	1	1
"WQOYQFTYXCJT@XUDEAB.com"	1	0
"NMJDNWPRRY@XXLLVWP.com"	1	0
"UOEBYDLPIZIF@QAKNPVGH.com"	1	1
"ECIACGUSFLLP@DPNQRQJ.com"	1	0
"OPSXEVIRZAED@DQBBL.com"	1	0
"KEQKVWEXFARA@SPRGR.com"	1	1
"FFWEWIDJDBV@VAYNLK.com"	1	1
"EPBBMZHWNX@IVNXH.com"	1	1
"QGFKBHBYILVV@GVWGH.com"	1	0
"NFYRAUYNFIJX@RCTNEVNR.com"	0	0
"PFJHGABEFPP@CEKERIEJ.com"	0	0
"UGXFMRMAJUF@ZDAMRFI.com"	1	0
"TMOFISOIPYFT@BLSZXMN.com"	1	0
"CPLHNZEGRO@SYBEK.com"	1	0
"KKHIJNCNAGJ@FFGSY.com"	0	1
"RGYOHTWVDV@CZGMVDAP.com"	0	0
"MHLGZVECJBBH@SQZGCS.com"	1	1
"NCPXLJMNMPA@OWDZNTT.com"	1	1
"PYZCGJXXGQ@JNWTHJ.com"	0	0
"DSBIHJWYSHI@GBOYOX.com"	0	1
"QOEHLJJJTX@TCCLNAZL.com"	1	0
"AJEWQZOGHFF@KSDTVDAR.com"	0	1
"JZMZMVPTRF@LHESLL.com"	1	1
"IEOSRVQMXTT@AYWNIG.com"	1	1
"DEJKHKRMPUBG@DELLTV.com"	0	0
"TVSGKPWHCPTK@HVGTYTW.com"	1	1
"ZWBXYBCHBZ@DQRQTF.com"	1	1
"TYENMHIKBQNQ@JMMSXARC.com"	1	0
"POSWYUYTWU@OMZYED.com"	1	1
"OZXYFEYDEJ@WZSBXEK.com"	1	1
"LBKBNAXM.LBKBNAXM@yahoo.com"	1	0
"CZWSIWNDGHEJ@WPSQXN.com"	1	0
"GEYUNAJFVB@QQUUKBW.com"	1	1
"AGCTFBWEZPS@SKCBQV.com"	1	0
"NSLHARVIWT@SYACOHXA.com"	1	0
"IZOAUPBKMNC@UBRRBI.com"	1	1
"TRBJGVLYYG@DATLJTW.com"	0	1
"NEZUQMONSPDH@VPXTSS.com"	1	1
"SUPHXQSIZIQE@UTZVF.com"	1	0
"JEAZFDROCO@XMNFJPU.com"	0	1
"KYGWPZCERT@VSXQB.com"	1	1
"ZXFSBFWFUY@GBTXD.com"	0	1
"OPXMDUQRXZYN@XXOJHALP.com"	1	1
"SJKIDFLWTUXF@BFKPLEQX.com"	1	0
"VKWX@SMWlandscapedesigner.net"	1	0
"QFSDNURFMG@AKMECX.com"	0	1
"LKKVGXJVKKGH@XHUMZKYC.com"	1	0
"SAMWFBTQFLYY@WVDHSX.com"	0	1
"RSOWTHBOYOSY@YLDICYL.com"	1	0
"ZVCVMBAXNBLT@RMASI.com"	1	1
"TMJRFPIKIDVU@BHNPRT.com"	1	0
"YLOMIYZEQIB@VIKMB.com"	1	1
"FYGTCQRPZPJD@DELTQ.com"	1	1
"CSKJENXBRCD@PPQGW.com"	1	1
"VLJZWIXNLLG@GLNYNDDH.com"	1	0
"NLKONFXOLEKT@NIEQSQHE.com"	0	1
"BDEUJXZCIUWS@NSKPPC.com"	1	0
"UCMJNJFWBDIF@OJZDOWKY.com"	1	0
"LFITKZQMZEUE@GGTAXQ.com"	1	0
"PJIFNDZBSACP@JLRVCA.com"	1	1
"JGZEFYHJNZ@CIIJRW.com"	0	1
"VNLQEXUSJHCC@BDLFGFME.com"	1	1
"GOKECGEMBL@PYTAOY.com"	1	0
"ISQLWLAPWEZD@BQBOP.com"	1	1
"XXNTLQOHWLOI@SKGKBA.com"	1	0
"UXCWRPJVMXPG@VMYICZ.com"	1	0
"BORQVMKGOY@ZTSVE.com"	1	1
"IVPOSQBUTQF@ASAJPQ.com"	0	0
"IXFIBDJFUH@PPNXK.com"	1	1
"XLHCGXDXWQII@AJUEG.com"	1	0
"BCTYKIOWJTZB@XDOXRHX.com"	1	1
"vineyardDOAE@gmail.com"	0	1
"XYOCSRCYKZN@XKQHEP.com"	1	0
"NROTEBCCCOX@LGPPMACL.com"	0	0
"RQHXMQAKEGE@KGCFOM.com"	0	0
"EHGISAOKJYRQ@QGDVD.com"	1	0
"XWCLJNOgrower@yahoo.com"	0	1
"MRWEZBLBSCMG@XEOXJZU.com"	1	1
"GYTMLUWINLBO@WSRTKUBC.com"	1	1
"RTXSEYTUXZ@YGZYZ.com"	0	0
"UBRMMSHGJC@LTRLH.com"	0	0
"UCELXOTZBPXQ@QLFSBTJ.com"	1	0
"UZBBJNABGP@URWJLID.com"	1	1
"WWHJTLJSHHT@VJUPOVC.com"	1	1
"YOSSRUOZCM@FMPKX.com"	1	1
"EUPFIBYFRYZE@DCQOBPS.com"	1	0
"ADKIUCJEJRM@ITLLR.com"	1	0
"DCYBMVJIGNIG@HCYJB.com"	1	0
"MJIHAZHIFRQ@DQHVX.com"	1	1
"CFVGADPQHORT@IJLQR.com"	1	1
"KJMCLBMJAOAY@LZXCSOF.com"	1	1
"DLVGU.DLVGU@landscapearchitectSGT.net"	1	1
"GMQJBCGTGTM@YNWGHG.com"	1	0
"YZRQZHIKLFSQ@KWWJRRC.com"	1	0
"GODTEMHHXQ@EGZTRREJ.com"	1	1
"GDKEXPTFNAF@VNSGF.com"	1	0
"BHXWBZEBCEF@CFPKEY.com"	0	1
"XXRQKOMYTVC@EPVJSZW.com"	1	0
"IEVQAXCZGRHV@SAATELUO.com"	0	1
"KCUETFNPHJVZ@UWVHVX.com"	0	0
"CGXOKCXDUYZ@TGLCJU.com"	1	1
"SARJKVVVJWL@RSSDHI.com"	1	0
"IYNEIBQGRB@VYBKNA.com"	0	0
"TLKBELXKZRNN@BAXRRID.com"	1	1
"FZBJFLXYJY@HOXPEV.com"	1	1
"RSEXVHOSNQ@MYJKCCRE.com"	1	1
"GENJNVCYMQ@LXRXZS.com"	1	0
"MZQPSNTJGIB@EIZXDYB.com"	1	0
"YNXKGNNGXE@OSPVZF.com"	1	1
"MBBSTRHVIEYB@GFEXAZ.com"	1	0
"LRWEXBWKZY@HODUIMRK.com"	1	1
"VCWFYNJLBTR@JOBZOKD.com"	1	0
"MQPGGTYBHY@WTGYO.com"	1	0
"WWEDQSFGJCEJ@RCQRN.com"	0	1
"XXLRPOMXCEF@ZQYDRUD.com"	1	1
"QAGMXAGNAV@XLSGY.com"	1	0
"QAJQBLORCTR@GESVLVIC.com"	1	0
"WXXKKJPCYIA@RPRFSD.com"	1	1
"ELHORIJIPWXJ@BVBMP.com"	1	0
"VEHNXOCVQGZQ@KQFLGCBU.com"	1	1
"QHXUSLIYKVGW@LURAI.com"	1	1
"RBMSHZRJEG@UYNDZUF.com"	1	1
"HAIDIAQHCVDD@PPEAAKV.com"	1	1
"NKGNILWBSNM@ALFWF.com"	1	0
"RGDHVIJYZPCP@DDYTOMLI.com"	1	1
"UDQTVNNMCX@EMVWHDAU.com"	1	0
"MIGBNEBOVRX@CKMCZX.com"	1	1
"DMESTWNLFEZP@TIMFS.com"	1	1
"EDPPFZSYOY@FNOSNIRR.com"	1	0
"TPNMJDJTVLAK@VWEVF.com"	1	1
"NVJRJGFRVCXC@ZLTRDM.com"	0	0
"PGTYXRLJTDWP@ZPCGN.com"	1	1
"VGID.VGID@yahoo.com"	0	0
"IFEXKMSUSFU@SRMTRA.com"	1	1
"JNRWHYXJNT@YLGAZV.com"	1	0
"KVWYDAYPKY@VKOSURDD.com"	1	0
"QCBEZPCWBPRX@CRAVWM.com"	1	1
"PCMXFSLQVJK@HNYTUAZ.com"	1	1
"SCJLNWHJMVC@HIPBIOL.com"	1	1
"RPIWNQJYBGB@XQRCGJR.com"	1	1
"FRRWOGJNCXBZ@CZVHB.com"	1	0
"ZTNKODA840@gmail.com"	0	0
"HSPMTOCNOGWI@CFNHKISB.com"	1	1
"LGIXOTDLKOXU@TNPAC.com"	0	1
"VVUQQXCEKG@TVOQL.com"	1	1
"FALgardening@yahoo.com"	0	1
"OUDTHRYZNV@QJAXLVVQ.com"	0	1
"HHGVRNCRRASL@VJDJQAJV.com"	1	0
"UHBVKKJUMRJQ@ZCWGUIDH.com"	1	0
"DCXPVOYZLNGQ@ZTPRS.com"	1	1
"AKDIEWHYTA@BWSWNDJH.com"	1	0
"XRQKHTUHUO@WUALQOS.com"	0	0
"UJMKPATUHD@QAWPFSQ.com"	1	1
"ZXNWDSXCZQFW@SITVU.com"	1	1
"HNUGTLHNOWI@SLSSL.com"	1	0
"IFZLELHYXETA@TESUO.com"	1	0
"GVVFNPHCBH@JNSKJZ.com"	1	0
"GITJEXQVGO@IDESMY.com"	1	1
"EIISOXKVPOS@GRWWNE.com"	1	0
"TTPWYADLPEH@QLNHD.com"	1	0
"YTREGXDBDM@UIBPRIM.com"	1	0
"PBAULREQAGSZ@HYYFK.com"	1	1
"LJXGKUVQOW@MMCXGR.com"	0	0
"EFPRITPNTEW@SBNTPFJ.com"	0	1
"TTMTAOZTBBAO@AHSKSKQ.com"	0	0
"SMONAYRHSF@PXMNT.com"	1	0
"HHQUJTLIWOG@RMESW.com"	0	1
"EGBWUVSNRNE@CRELZHX.com"	1	1
"IRNYGGAZNCA@RLSRSUQT.com"	0	1
"RZLQMUGBAAQY@JHNOQ.com"	1	1
"ZHMDTTMCDQH@VWPDYLE.com"	1	0
"WTAXBMMEYTH@ZXYVVXS.com"	1	0
"MGPSAWSWEU@HBKUPTLW.com"	1	0
"ZUYFWCMJLGIP@HECHCMK.com"	0	0
"LGMFKRHCUQSB@JXYOVJC.com"	1	1
"MJDFRC447@gmail.com"	1	0
"VEOJZWRNWIAG@OUDKA.com"	1	1
"YPMFTPKDMT@UPZDWKSC.com"	1	0
"ENHIOSBBMMMK@JFKDBUPI.com"	1	0
"CTKUYNXBOQU@RMDWFOX.com"	1	0
"WRSZODVHLATL@GFHWWAA.com"	0	1
"QFYVCBBMGI@CRXDMZ.com"	0	1
"DXHDGMHCVGBC@DCKMK.com"	1	1
"SGSECKZ.SGSECKZ@KALPoutdoor.net"	0	0
"DVUOYXOELBY@YFLDEY.com"	1	0
"VPWHVVYZSLM@PMDYDPGN.com"	0	1
"SAHCYHVMLCT@HFBOQ.com"	1	0
"VSSBXIVWVN@AEPXOAWF.com"	1	1
"BSXVYOVCDEX@NQJJZP.com"	1	0
"UEKALIOBQIQ@RPXOB.com"	1	0
"YDYKHQPSGATS@OGLPBAVJ.com"	1	0
"XMWXEQLUOJ@OJFDORX.com"	1	1
"DUPSOPSBPY@ZRFCHQW.com"	1	0
"MVLWHNRXSA@FYQQCJVQ.com"	1	0
"YJUOTGRFQPS@VGLUMUU.com"	0	0
"WDLKBDIHEXY@QUTLVMV.com"	1	1
"ZVLXJX79@gmail.com"	1	0
"WWPJMKJQXJ@KKEBCVE.com"	1	0
"CZCHUXQCTNSW@MTNXC.com"	1	0
"XCVESGXIIF@SIYLDMP.com"	0	0
"VJUKANKCBJ@DNMOZTXN.com"	1	1
"YCOCQBBOMJ@ALGDOQNS.com"	1	0
"ZUNKEQRAVDF@QCKHXYF.com"	1	0
"NDNSCTEIRRGA@VQFEHNOY.com"	1	0
"ONJTJOWXHJB@QGQCVB.com"	1	0
"FWFWUIRPSGK@DEIVHB.com"	0	1
"ASPQGWARTAKZ@LLYAGGO.com"	1	1
"PYUGEIWWHBMB@LKAHJIAT.com"	1	1
"ULXZRRBKZIM@ZCTOA.com"	1	0
"TCPKMCOCYPI@EHLRIJ.com"	1	1
"NLBZXDBDOBG@REDEI.com"	1	0
"KQRHCVVSHHYJ@FSSMMYW.com"	1	1
"KTNWRVHZDO@BIPTO.com"	1	1
"MPOZTUESHDW@ZSTOZZLT.com"	1	0
"BSIEYKOMFYE@FQKFD.com"	1	0
"OTSEYNQKVEXS@BKVNO.com"	1	0
"AHAZRTCRJMQ@MSXVXM.com"	1	0
"KETVHRGVLHXV@CLOMVRF.com"	1	0
"EBJTJPBOCC@BIXPH.com"	0	0
"JSJFINJZRJIJ@DZPHYRW.com"	1	0
"CMGJDQOECT@FRJXUEL.com"	1	0
"JPLUNTWRMUJR@YKEQV.com"	1	0
"BXSKFJBQXBM@GMJCMQGF.com"	1	0
"OGUSNXFDZTKX@KXUNPR.com"	1	1
"NIGNVBQIKR@TJXKIJ.com"	1	0
"MDOOHEJSSIW@RPSKQLK.com"	0	0
"VVHKSSHSFDNN@LPNQO.com"	1	0
"XOXDEHLMIY@AGTTP.com"	1	0
"REDCUKYAXGA@FCIQFRW.com"	1	0
"DTWGXENCLNHK@STSNJSPE.com"	1	0
"RRFJMBMWBIDI@TSBTYMF.com"	0	1
"RDHYKEWFXIO@AIBOXU.com"	1	1
"FPVUMNMIFWL@GAAKD.com"	1	1
"MJCHHPXQFDT@LABDM.com"	1	0
"PKCLQKBSWB@GYXGBE.com"	1	0
"FTCRPCVIMM@ZRDRTU.com"	1	1
"UNTQZIBVNYVR@PTLJONZ.com"	1	1
"LVQWHTTXPAWF@DPYKUPEY.com"	1	0
"RCYZGOTAAHA@WIKST.com"	1	1
"OFDGPMMFVU@XPRBM.com"	1	1
"PLFQNEDUDWCV@RKCJM.com"	1	0
"IUVDYFXYVD@JSUXBW.com"	1	1
"SMRDXCVDUH@KNUHNDIZ.com"	1	1
"UTTUJKGQBE@UKIOJ.com"	0	0
"NNYDWFXEKNN@KDPTTY.com"	1	0
"TOPFQMHFVUO@WQPPN.com"	1	0
"CTGKXgardening@yahoo.com"	0	0
"TDRTVUAJSMS@EKBDWTM.com"	1	0
"VGVXGDYYBV@FHFVF.com"	1	0
"SWFPXBSOXCO@OCQQLGKV.com"	1	0
"ZYVUORUISM@MRQRJPDI.com"	1	1
"XWHGCHFBEPK@NBPING.com"	1	1
"LIUGBDATYYHK@XVLHETEE.com"	1	0
"OWVYXILSWII@FZNIQIN.com"	1	0
"BAZSOVYWLBO@PICIWU.com"	1	0
"ZRAAOERTEKWR@MXNEMV.com"	1	1
"WOWFBLUQCOBF@GQZCFL.com"	0	0
"DBQGEJOCWYC@RKOAOBF.com"	1	0
"PRDONKCGVUK@MIELN.com"	0	1
"ZZFPBDGTOQ@XNKYES.com"	1	0
"WDAQHYVAWI@KPBXVGBC.com"	1	0
"GYDBSDKXJVPI@FPEFVHL.com"	0	0
"OOMXSHGE481@gmail.com"	0	0
"NFQTYQKLABZE@LDDANE.com"	1	0
"LWURNSLFJLH@RKRRRMI.com"	0	1
"SXPWOKMACPU@ZZDYYC.com"	1	1
"PGSRDQSXAMLW@JQNOLX.com"	0	1
"NOJFKSGPNOD@JVTISKFQ.com"	1	0
"MYRBKLHALABT@UKOHUAS.com"	1	0
"NRYDMUABRLWG@LCDQD.com"	1	1
"UUDATKKZBX@WIGVFXX.com"	1	0
"EWYUFOGEQXP@JEFGPS.com"	1	0
"DURIKHZHNPFV@XGFUCW.com"	1	1
"ODHQCVNAJKR@OZECBHK.com"	1	1
"WLTCUCWHZMXD@BMWEEHJR.com"	1	1
"YIFBGIHWWCI@REAPQKDG.com"	1	0
"HVIIYSEUHDFZ@EZMZU.com"	1	0
"CLHAEYEEYYQ@WITTQ.com"	1	0
"WXLU878@gmail.com"	0	0
"KUKHGWTPVLX@MGRWTBMY.com"	1	1
"WYBARTWPXSPR@KWFGIYW.com"	1	1
"JPCQVCAJJIQ@QWBFCP.com"	1	1
"JPBQWTPFFGDB@FJLFTDNR.com"	0	1
"XCARMGOX109@comcast.net"	0	0
"WDDLCHRCYP@KPTJX.com"	1	0
"UOUBEKPHVI@ILRNH.com"	1	1
"BFQBQBSFAFOI@DYRZCNS.com"	1	0
"FGAplants@gmail.com"	0	1
"JALTOTGVPKIA@TFZCZP.com"	1	0
"NTKVFYRFBX@DQOMJHSC.com"	1	1
"AZFAMOK.AZFAMOK@yahoo.com"	1	0
"LWHWIHOOXR@OLRUPZ.com"	1	1
"CEJGDLZRGOKG@JTSTBN.com"	1	0
"ZMMDBRGNRUNI@FQAKD.com"	1	0
"HWLDLYCYFEPH@UVJOQM.com"	0	0
"CRQAQXTGNTQG@CRMGCF.com"	1	1
"ZRLSJNAWNXJ@PHCAGTCF.com"	1	1
"TPQYLFPEVIB@RIGWSSL.com"	1	0
"JTTNNMVKCHES@CQPKA.com"	1	0
"HBMBXHFSUR@ESKBAFTO.com"	0	1
"ODBZYPWFNEXX@ICCFEF.com"	1	1
"LOUNgarden@store.bigcommerce.com"	0	1
"LGOEXZZFONCJ@OYTRBO.com"	0	1
"XEEAGLWTMXB@EAOXKWPN.com"	1	1
"NTTHECPCRH@JGLDUIUB.com"	0	0
"ADPRXAKBYX@VEFHCMWO.com"	1	0
"JERKPMLAIZ@MAYIELS.com"	1	1
"OSPADDTWZM@WGAXMQ.com"	1	1
"LXKNWRWGCWC@KCYLK.com"	1	0
"RFHUEZSTENSX@VVBCSLOE.com"	1	0
"ALZDKTCTYP@QTKBGKT.com"	1	1
"HCNWGULYHNQ@YLNXRKB.com"	1	0
"landscapedesignerFHYSZAK@gmail.com"	0	0
"EGOIUCWBQAJ@MZQVZBYK.com"	1	1
"VGDGEVPYZA@MAKEV.com"	0	1
"OQSZPVJAND@CSGEO.com"	1	1
"PLMXWUQTAI@ENKNQ.com"	1	0
"TRTBITEAMTNA@PCCJOUGR.com"	1	0
"NOSOSZQCURE@YKYDXCI.com"	1	1
"ABBOXWIBDY@NLMOYPOH.com"	1	1
"ZBGWVREXLKHM@ALFAY.com"	0	1
"IZKZAAKPAEAN@SXDVFWH.com"	0	0
"NBKFXITAXK@FGMSH.com"	0	1
"WXQDWFNOLJF@WYRXFQ.com"	1	1
"PIUWUWYWGSWL@VXZUBK.com"	1	0
"PZHYVXFMLRRR@DKVYLKH.com"	1	0
"DKTIPSUSUL@PGZBUJJP.com"	0	0
"YXYF.YXYF@gmail.com"	0	0
"NUAWEXRHYGPV@YJHRE.com"	1	0
"EZVLVSOOSBFB@EGPRB.com"	0	0
"EEWJEHMVHPK@WVURMWQN.com"	1	1
"HRCMJCMJWLSR@YXZLCKNL.com"	0	0
"WXAAYUFOYVAV@YAVFHBST.com"	0	0
"IYDEBMIUCZ@TZCEL.com"	0	1
"ESGPZSKLNB@KOQJSNY.com"	1	1
"MXEELCQUHMAY@NCKFNOX.com"	1	1
"YAGHKOLSWZ@LHIFYJT.com"	1	0
"PXTVCOWTLMP@HVCKNF.com"	1	0
"MIHMHBEYXE@VGIIQMZ.com"	1	0
"FLJGMDQQVM@RMWLFZZY.com"	1	1
"QEVBJUEXNPJG@KXAXFU.com"	1	0
"ALYSYRPBROFO@CEBMNAD.com"	1	1
"IDARHYJZLR@AOBMOHW.com"	1	0
"PQVEJBYDIJNR@SWVQVKD.com"	0	0
"DIFBCXEQXTZ@AMUROE.com"	1	1
"VCVNJ3@QTOYlandscapearchitect.com"	0	0
"VRDUYNATRNN@NQNVT.com"	1	1
"NETCXKYWTBSY@XNARUUA.com"	1	1
"BBBLJQFRNA@CLPRD.com"	0	0
"LVMJEAFLVQVX@QFHGBV.com"	1	0
"OSAOPBLKCRJU@SRKJUCAT.com"	1	1
"UZHLZRRZAV@DKMCJLRV.com"	1	0
"PEKZQYGHWK@PVSGJUI.com"	1	1
"KIIQOXUSODVV@FVRXJ.com"	1	1
"OETDFRMBUHHG@QPABDWFM.com"	0	1
"PKUEZYLNFMWX@TTOMS.com"	1	1
"NZTUCFXCPMO@HEUILRPP.com"	0	0
"WOZHNHHMGO@GHZJW.com"	1	0
"OCCAQHZVJGR@UWQXBGZU.com"	1	1
"MSEWVCOUMV@VWPMQ.com"	0	1
"WEPPGOYVJS@OIOIN.com"	1	1
"gardeningOJHRS@yahoo.com"	0	1
"FLCGYYQSGJUA@LFOTY.com"	0	1
"YAKDNSOALL@LTXLIV.com"	1	1
"FSZHAYWQEZC@DNRRAOZ.com"	1	1
"LBPULFIGNFBG@YQGPUD.com"	1	0
"AEYYQAWEWT@HSXPQ.com"	1	0
"YPBCTNLGWBVN@MAFOZSQC.com"	0	0
"ENTCIPPDPL@CPBGWOM.com"	1	0
"RHJYWYKXRUV@HLXZJ.com"	1	0
"FCXQUTQDDJC@OLECU.com"	1	1
"MPSFLWLWKUKH@RHWGN.com"	1	0
"CZRYGBORXN@UAEFBDBN.com"	1	1
"OPQLMIWRTRBL@ENZGNOTD.com"	1	1
"QKFXHWLNWJXE@YUFCAL.com"	1	0
"UOOZLZZBAVO@XGCZZJ.com"	1	0
"WAVMBMSPMM@WQRNFOU.com"	1	0
"ULHWQARSIXYU@TUGLRL.com"	1	1
"UZSYJAIVGUBJ@FVYDJEV.com"	1	1
"QCTMURDGMDR@GDXHDIB.com"	1	1
"XGGGVPMOKD@ZKOIAF.com"	1	0
"FCZBRHMZQMF@PPRZDRI.com"	1	1
"FDVEEYSISBM@BWBKSXNT.com"	1	0
"JEEBGUPIDKQF@JVFNQW.com"	0	0
"YJWPPVRHOO@JHTQRZS.com"	1	0
"CJHBOVZISH@JRUAZVWT.com"	1	1
"LWUOADKNIIP@NAZRES.com"	1	1
"IISYKKZDEJNE@JFFVZ.com"	1	1
"IUUIWZAZKS@FXNATG.com"	0	0
"IABAGJZOHQ@JZJGL.com"	1	1
"IQMWWAQYJTJ@VWLCP.com"	0	1
"ZVJ878@gmail.com"	1	0
"PODDVYBENS@UBJUOLMJ.com"	1	1
"SSJYAEBGEGTZ@ZVIDQ.com"	1	0
"YNQKFLEILKR@BOGAGGQK.com"	1	0
"YKANCLFATGX@RRBOMJPX.com"	1	0
"KIDNAGRJNKL@JOYJXFZW.com"	1	0
"LHEWDHIJZN@OXNEO.com"	1	0
"JHLMNRKVDAWM@NSVMYWC.com"	1	0
"FFQDTMJICBI@QCBQHIZV.com"	1	1
"TZEVACHMDTS@WSYFF.com"	1	1
"LPDTJATZBRT@CMNCNHH.com"	1	1
"EVQTJDIOLCZ@ZXERTA.com"	1	1
"FFZPCMLBJRA@LTCDN.com"	1	0
"KDPDUKIBADRW@FBRRJL.com"	0	1
"WXXMQXDBKM@RMDNW.com"	1	1
"CKE.CKE@hgGOGP.biz"	0	0
"XEOGXKYSBQK@YZYGR.com"	1	0
"designerLYARRB@yahoo.com"	0	1
"PSZDPHTHFET@XVKHQ.com"	1	1
"NOZMCKDCTS@DDELQ.com"	0	0
"KTWYKNPNHZJO@FHJRG.com"	0	0
"JFSCJYGYTFGP@LVNCO.com"	1	1
"LKTEQRZRGW@BKVWYYSE.com"	0	0
"RDUJTWIFVYJN@PABJKQMC.com"	1	0
"MEIUZVJYNABB@EUVBH.com"	1	1
"MBS.MBS@yahoo.com"	0	0
"VAAPSYQWZZ@ERIEY.com"	1	0
"VGUCMDQOSX@ZDWRDYS.com"	1	0
"EGUMXRUIERGK@PYQGSA.com"	1	1
"BALXRVBRBFIV@OQFXTS.com"	1	0
"UUEXMWBFHMSZ@APYNUAP.com"	1	0
"NAKPXGNZBK@OFQFTUAX.com"	1	0
"CSKFFNETAWXJ@KLBSHP.com"	1	0
"SNRGZVUMFO@YEOEU.com"	0	1
"EIZMLZKVSAZC@DFBBYZCD.com"	1	1
"NTKYGGZIHUWA@XEOKAK.com"	1	0
"UXKPTMEQDEG@UFDZPCP.com"	1	1
