"email_address","industry","relationship_length","site_visits"
"POYZ@yahoo.com","garden",2,86
"VGID.VGID@yahoo.com","landscape engineer",30,2019
"KTCGW@homeandgardenXYT.com","home and garden",30,225
"YOQUFSG.YOQUFSG@EVTlandscapearchitect.biz","landscape architect",4,80
"SOSNEJAL.SOSNEJAL@DXKDhg.net","",4,20
"GGYDNEE3@homeandgardenBAHG.co","",12,48
"AWM.AWM@AZVsupply.net","supply",30,993
"UXHPKDAlandscapearchitect@yahoo.com","landscape architect",24,1516
"architectBPNFEBC@yahoo.com","architect",6,47
"landscapeengineerIHDACRUI@gmail.com","landscape engineer",13,105
"orchardIQCXZMS@yahoo.com","orchard",2,79
"CMHNZ@aol.com","designer",30,856
"CWDA.CWDA@orchardOMA.biz","orchard",2,1
"RGSVXHarchitect@gmail.com","architect",30,216
"GDBZ@nurseryUZK.co","",23,186
"GICZGLZ3@QTOYlandscapearchitect.com","landscape architect",5,4
"designer1@store.bigcommerce.com","designer",8,74
"landscapeengineer@shop.magento.com","landscape engineer",4,24
"EJPJI.EJPJI@gmail.com","home and garden",30,1462
"GNTlandscapedesigner@gmail.com","",11,1709
"JJQMLJJ.JJQMLJJ@gmail.com","landscaping",1,170
"gardeningYZA@gmail.com","gardening",2,94
"XWCLJNOgrower@yahoo.com","grower",11,146
"VSIU@homeandgardenBAHG.co","home and garden",5,10
"plantsONVV@yahoo.com","plants",24,220
"RDGZKDG.RDGZKDG@ACZMvineyard.biz","vineyard",7,77
"RNSBQEQ@designerUWU.net","designer",9,454
"MIHJ.MIHJ@yahoo.com","gardening",12,183
"HCM@outdoorACYN.biz","outdoor",5,20
"ZVJ878@gmail.com","plants",2,346
"IFYAG.IFYAG@FWXlandscapedesigner.net","landscape designer",2,46
"GJXHVNK@HRKMgrower.biz","",6,207
"landscapingCKBNQ@yahoo.com","landscaping",30,16227
"LFBUPM@hotmail.com","supply",3,9
"XRQQY@gmail.com","home and garden",1,0
"OOWBBBL@gmail.com","nursery",2,35
"XOJQ@yahoo.com","supply",2,25
"JOFVMEDTlandscaper@yahoo.com","landscaper",6,199
"NUTN.NUTN@QSXlandscaping.biz","landscaping",1,6
"MSY.MSY@OMRAoutdoor.net","",1,7
"ZYJAIF1@growerXOZ.co","grower",10,21
"FZMPJGS.FZMPJGS@ERPsupply.biz","supply",30,352
"NZOFCR@homeandgardenQNEF.net","home and garden",1,0
"ZFFMYRX863@gmail.com","landscape engineer",2,65
"QIMlandscapearchitect@myshopify.com","landscape architect",3,57
"KLJMF@hgGOGP.biz","",3,21
"gardenYFAXV@yahoo.com","garden",18,652
"GIXISgarden@yahoo.com","garden",16,658
"NWINEK.NWINEK@gmail.com","",20,747
"JJO2@vineyardJDVF.co","vineyard",16,301
"MMWHLFF@VKYVlandscapeengineer.net","landscape engineer",14,292
"INPMCGVW.INPMCGVW@UNKnursery.net","nursery",8,112
"hgMHKDIN@yahoo.com","",3,167
"ARPY@gmail.com","home and garden",5,344
"KLBgarden@yahoo.com","garden",2,12
"FDTX467@yahoo.com","garden",3,818
"RXTTIJT.RXTTIJT@DAIEdesigner.net","designer",2,9
"FIOPR1@JOCBhomeandgarden.com","home and garden",12,143
"ZLO2@landscapeengineerNPB.co","landscape engineer",6,69
"outdoorlivingHNHFB@store.bigcommerce.com","outdoor living",3,138
"HUOUO67@cablewest.net","gardening",1,0
"NMI1@orchardFRP.co","",12,11
"JNB533@gmail.com","",2,32
"IIWJDJ@NBEoutdoor.biz","outdoor",8,124
"LRMCIYXG@UIIhg.biz","hg",7,90
"landscapedesignerXFUKG@gmail.com","landscape designer",1,18
"hg@myshopify.com","hg",8,431
"QZDGXONM.QZDGXONM@ITQnursery.com","nursery",6,35
"GFBUPW@QYTEorchard.biz","orchard",30,324
"YXLGA2@QTOYlandscapearchitect.com","landscape architect",5,386
"KVHJYPVL.KVHJYPVL@landscapeengineerNPB.co","landscape engineer",18,160
"JQCWCHWNsupply@gmail.com","supply",9,762
"HXCX@LNIUnursery.net","nursery",2,5
"JVFRBWCH.JVFRBWCH@QPBsupply.biz","supply",3,127
"JHQO273@yahoo.com","landscaping",4,178
"KRNWIYQA.KRNWIYQA@architectEFR.biz","architect",2,38
"DOHFhomeandgarden@yahoo.com","",3,135
"XMTHWEMAgrower@gmail.com","grower",30,1134
"NHEOA.NHEOA@IHBhg.co","hg",26,212
"LLUNQ@SWJVoutdoor.net","outdoor",1,13
"ZEGOCQKUlandscapeengineer@yahoo.com","landscape engineer",12,43
"CWK2@hgSDSM.co","hg",4,180
"BXNMsupply@myshopify.com","",10,85
"ODOGKZV.ODOGKZV@landscapearchitectZFH.biz","landscape architect",7,122
"LBPUQZUT.LBPUQZUT@DMLplants.biz","plants",30,180
"ODMW1@landscapeengineerNPB.co","landscape engineer",6,38
"XKW.XKW@gmail.com","landscape designer",1,21
"LPXPBK@JGTlandscapeengineer.biz","",3,7
"HKSU422@gmail.com","designer",14,357
"ZIUA101@yahoo.com","landscape architect",8,430
"RQJZDD@DKNvineyard.biz","vineyard",2,239
"HDRRTVFO@yahoo.com","",3,34
"XYZTI.XYZTI@LXGKoutdoorliving.com","",13,86
"WJIH.WJIH@architectXWF.biz","architect",19,108
"RQBSGJE79@gmail.com","",24,352
"LOUNgarden@store.bigcommerce.com","garden",1,57
"TGSKHTNRoutdoor@gmail.com","outdoor",5,83
"VWVAUB@PDLarchitect.biz","architect",2,9
"WMTAGSK1@homeandgardenBILH.com","home and garden",2,12
"GOFRIY684@gmail.com","architect",8,496
"XYAXQS.XYAXQS@landscapearchitectNQY.biz","landscape architect",2,33
"RXC3@homeandgardenXYT.com","home and garden",5,170
"JYQZVK345@hotmail.com","grower",30,734
"YUZEVIH.YUZEVIH@DKNvineyard.biz","vineyard",4,53
"supplyNEWTHE@myshopify.com","supply",4,41
"WAHWMBQC.WAHWMBQC@JOCBhomeandgarden.com","home and garden",30,3789
"DWQWTQX@growerXOZ.co","",8,59
"WGIEEC@designerDOQ.net","designer",30,1445
"landscapeengineerWME@gmail.com","landscape engineer",5,180
"APYFE@JGQAgardening.net","gardening",13,16
"landscapeengineerLGDL@yahoo.com","landscape engineer",20,1639
"RZO.RZO@yahoo.com","garden",1,103
"PXY.PXY@architectFPEV.net","architect",4,38
"LKVLTXZ209@gmail.com","designer",5,269
"VCEZMEC74@gmail.com","garden",14,838
"CKRPH2@outdoorZUV.com","outdoor",14,26
"RNUALR67@gmail.com","outdoor living",3,274
"PGPLROA.PGPLROA@yahoo.com","landscaping",7,1041
"VUCSFoutdoor@yahoo.com","outdoor",4,29
"vineyard@shop.magento.com","vineyard",6,98
"TZIO.TZIO@homeandgardenMMT.net","home and garden",2,2
"THAXFZDZ.THAXFZDZ@outdoorZUV.com","outdoor",14,310
"CDZNEIAK393@gmail.com","landscape architect",15,275
"MKBDS.MKBDS@homeandgardenXYT.com","home and garden",8,471
"supplyOUNI@yahoo.com","supply",7,264
"YHRsupply@yahoo.com","",6,92
"ACFRXBMV928@yahoo.com","grower",8,1384
"GLJYL.GLJYL@architectXWF.biz","architect",2,8
"FBIJLJoutdoorliving@yahoo.com","",8,631
"SOBQVEU.SOBQVEU@gmail.com","outdoor",1,15
"orchardJAG@gmail.com","orchard",1,211
"nurseryIEOVIZP@shop.magento.com","nursery",7,42
"WOSYD.WOSYD@nurseryFVPR.biz","nursery",6,54
"SASKJL@AFSsupply.biz","supply",2,16
"outdoorOTJHAM@gmail.com","",2,192
"designerTUBU@gmail.com","designer",24,2849
"DAHPAM.DAHPAM@NJSVhomeandgarden.biz","home and garden",20,1504
"TIUBW@growerZXFK.biz","grower",1,4
"WCOTJ@nurseryZAS.biz","",2,14
"QPHNQTAK@comcast.net","hg",12,16
"outdoorWCJDBIS@yahoo.com","outdoor",15,1136
"ZSWHVLRW.ZSWHVLRW@gmail.com","landscape architect",1,670
"DCEGOMQH.DCEGOMQH@ITQnursery.com","",2,150
"SAMZYS2@homeandgardenBAHG.co","home and garden",10,52
"BPUJPR.BPUJPR@architectYBS.net","architect",3,32
"OYYWSXNP.OYYWSXNP@MHSSgardening.biz","gardening",8,15
"UYQ3@QRSoutdoorliving.co","outdoor living",20,151
"outdoorlivingTJSTD@gmail.com","outdoor living",4,40
"CTGKXgardening@yahoo.com","gardening",8,58
"OIFW@hotmail.com","",29,1492
"supplyQAYUYNEM@gmail.com","supply",14,298
"LAYVPOHQ@IAQFlandscaper.net","",30,495
"KAKD2@growerXOZ.co","grower",6,394
"nursery@myshopify.com","",19,397
"SGSECKZ.SGSECKZ@KALPoutdoor.net","outdoor",8,102
"landscaperNZVDCV@myshopify.com","",6,613
"OXKVO@JGQAgardening.net","gardening",30,248
"EFA.EFA@TPQHsupply.biz","",7,12
"ZWGA@designerDOQ.net","",1,11
"SILTVgarden@myshopify.com","garden",13,300
"UBR2@vineyardJDVF.co","vineyard",6,216
"ZQLAHKSD.ZQLAHKSD@supplyLMX.net","",2,10
"landscapearchitectYDZ@yahoo.com","landscape architect",4,124
"HTOR@PCJLlandscapedesigner.biz","",1,8
"LFKXEZMPlandscapeengineer@yahoo.com","",21,232
"BFEPQJgrower@shop.magento.com","grower",1,4
"DXXFMYXL.DXXFMYXL@RFIsupply.biz","",2,38
"LPPBBLOWgrower@yahoo.com","grower",2,203
"designerMGDU@gmail.com","designer",21,2787
"XYIXATHS3@supplyUIHY.co","supply",4,38
"FGA@hotmail.com","supply",15,121
"RCUGVQIoutdoor@store.bigcommerce.com","outdoor",3,25
"UUAJN@ITQnursery.com","",8,81
"landscaper1@shop.magento.com","landscaper",2,97
"MNS3@growerXOZ.co","grower",6,40
"FYPHIZDB.FYPHIZDB@landscapingITLV.net","",30,307
"WKYNB@YMDVoutdoorliving.biz","outdoor living",1,5
"UTDTNlandscaping@yahoo.com","landscaping",7,148
"FZHJ@nurseryCJB.net","nursery",3,33
"WHTLDVQ@IHBhg.co","hg",2,20
"KSMXOTFG@homeandgardenBILH.com","home and garden",10,33
"ZXLWSUV2@hgSDSM.co","hg",4,91
"XJRM.XJRM@DFSvineyard.net","vineyard",1,41
"LEXDG@gardeningNZAZ.net","gardening",8,135
"hgLOPN@gmail.com","hg",4,169
"vineyardLLU@gmail.com","vineyard",1,22
"NEJDRWD.NEJDRWD@gmail.com","landscape designer",12,216
"ZFQEFEA@nurseryVRJ.biz","nursery",14,212
"ZPPTPUKD.ZPPTPUKD@gmail.com","landscape designer",2,7
"ULFTOlandscapeengineer@gmail.com","landscape engineer",6,588
"EDSLoutdoor@yahoo.com","outdoor",2,24
"QZLJJIPX.QZLJJIPX@APQhg.net","hg",1,3
"ZACT.ZACT@designerWSID.biz","designer",5,21
"landscapeengineerQFKQDJBT@yahoo.com","landscape engineer",19,111
"DSMIX686@gmail.com","",12,2106
"EIDT.EIDT@growerLSE.net","grower",2,50
"CJKNF.CJKNF@QWOlandscapedesigner.net","landscape designer",2,11
"outdoorUSU@store.bigcommerce.com","",8,299
"LKWABorchard@gmail.com","orchard",1,8
"XRQSCXVD@yahoo.com","plants",1,47
"AHXEWFME354@yahoo.com","landscape engineer",12,4350
"HLSplants@shop.magento.com","plants",3,144
"MKZTC@JJClandscapeengineer.co","",16,914
"PQUTYAdesigner@myshopify.com","",5,296
"vineyardZSDYS@gmail.com","vineyard",8,78
"TZNGPT.TZNGPT@orchardQHR.net","orchard",3,30
"outdoorlivingJTRUU@yahoo.com","outdoor living",7,73
"MRUDR.MRUDR@outdoorEII.net","outdoor",2,20
"YFYSFJF2@landscapeengineerNPB.co","landscape engineer",2,140
"landscaperDMAC@myshopify.com","landscaper",11,90
"ZVLXJX79@gmail.com","landscape engineer",7,203
"KSUsupply@yahoo.com","supply",9,392
"NPREIW@yahoo.com","landscaping",18,939
"IOHFIW.IOHFIW@outdoorZUV.com","outdoor",1,9
"CID@yahoo.com","garden",1,50
"KPTWDSOC@landscapeengineerFZL.biz","landscape engineer",1,7
"CXTPJJDG@outdoorZUV.com","outdoor",4,18
"XAQUC835@yahoo.com","landscape designer",12,1374
"MGQFZY41@yahoo.com","designer",6,971
"TSXAoutdoorliving@yahoo.com","outdoor living",30,412
"PCINMT@outdoorlivingADYF.biz","outdoor living",4,44
"homeandgardenFOB@store.bigcommerce.com","home and garden",1,33
"NRF.NRF@XTMJlandscapedesigner.net","landscape designer",16,157
"landscapearchitectDLUP@yahoo.com","landscape architect",2,121
"TZGXLOU@yahoo.com","landscape architect",13,453
"LEU.LEU@gmail.com","landscape architect",1,0
"ETBWHQXD.ETBWHQXD@homeandgardenZMX.biz","home and garden",11,147
"LHNZVgarden@gmail.com","garden",1,0
"nursery@shop.magento.com","nursery",2,46
"TPAZH@gmail.com","",3,71
"ARTFWHB1@QTOYlandscapearchitect.com","landscape architect",30,591
"KPTE@supplyTXL.net","supply",2,78
"BEL85@comcast.net","designer",7,42
"WREY@plantsAXM.net","plants",1,0
"homeandgarden@shop.magento.com","home and garden",10,67
"JQZAI.JQZAI@orchardPRGV.net","orchard",3,149
"IMU@HMEgrower.biz","grower",1,12
"QQJO.QQJO@JJClandscapeengineer.co","landscape engineer",4,101
"IIG.IIG@VMFZdesigner.net","designer",10,63
"FRDPCX@UOSlandscapeengineer.biz","landscape engineer",1,7
"LXV1@LXGKoutdoorliving.com","",4,28
"landscapingQEQO@yahoo.com","landscaping",30,879
"IUVFLDU77@gmail.com","supply",1,105
"ZBCGP588@gmail.com","architect",6,342
"nurseryOHHF@gmail.com","nursery",6,71
"YXYF.YXYF@gmail.com","grower",2,14
"ADPKJ.ADPKJ@gardenNOT.biz","garden",1,19
"designerBYQPFF@gmail.com","designer",5,51
"JRMsupply@gmail.com","supply",12,628
"FMXVG.FMXVG@XQNlandscapearchitect.net","landscape architect",30,147
"outdoorlivingMBBXPN@yahoo.com","outdoor living",8,125
"FPHF.FPHF@gmail.com","architect",10,184
"MCP.MCP@supplyLMX.net","supply",21,475
"QHCNLZKW@nurseryBYY.biz","nursery",1,11
"DQCBYX3@homeandgardenBILH.com","home and garden",3,5
"HPCILFJD@gardeningSUXV.net","gardening",1,16
"PWUWHK.PWUWHK@vineyardJDVF.co","",6,9
"CKE.CKE@hgGOGP.biz","",1,8
"ZTNKODA840@gmail.com","outdoor",18,774
"ELECJE@gmail.com","",19,323
"ZEMBM.ZEMBM@AJFlandscapeengineer.biz","landscape engineer",10,228
"TFSICTYT@QYTEorchard.biz","orchard",30,281
"designerLYARRB@yahoo.com","",2,160
"KQKHlandscapedesigner@yahoo.com","landscape designer",4,1657
"ZMGJ@landscapedesignerARIT.net","",4,43
"EEYVFF.EEYVFF@gardeningNZAZ.net","gardening",6,62
"JPBZLvineyard@gmail.com","vineyard",16,80
"designer@shop.magento.com","designer",8,25
"supply@shop.magento.com","supply",2,30
"AFDMgardening@myshopify.com","gardening",4,124
"BVMOGF3@designerMHM.com","designer",19,547
"RJBMQ41@aol.com","",18,60
"LQZ@yahoo.com","",3,246
"HOOQ1@LXGKoutdoorliving.com","outdoor living",30,3476
"nurseryEVAOSRD@gmail.com","nursery",15,240
"ZLJD2@FGIWnursery.com","",2,5
"VSV@MZRDplants.net","plants",1,42
"outdoor@myshopify.com","",6,288
"IZRR.IZRR@growerLSE.net","grower",1,8
"RFXLRTJA.RFXLRTJA@vineyardBSWE.net","vineyard",5,62
"EUTYDVEA2@plantsZYUD.com","plants",4,70
"RGLMFNTG370@gmail.com","nursery",7,4569
"architectYCUDSQT@yahoo.com","architect",8,339
"MJDFRC447@gmail.com","hg",1,114
"landscapingMTR@yahoo.com","landscaping",1,15
"COP@TPOQarchitect.net","architect",8,301
"ELAUUOlandscapeengineer@shop.magento.com","landscape engineer",10,185
"ASSBJMLB.ASSBJMLB@vineyardHIYM.net","vineyard",1,0
"WXLU878@gmail.com","designer",1,55
"ZHGS.ZHGS@QYTEorchard.biz","orchard",1,12
"JLOKI.JLOKI@landscaperHJBS.biz","landscaper",2,69
"hg@shop.magento.com","hg",2,56
"ALCNGHDT@hotmail.com","landscape designer",2,5
"LJNEROXoutdoor@myshopify.com","outdoor",6,17
"WQNKJZIO@GRYPlandscapedesigner.biz","landscape designer",30,834
"BLBRRGH1@FSUIgarden.co","garden",4,35
"landscapeengineerENLFCJBI@yahoo.com","landscape engineer",30,638
"XKTWIN.XKTWIN@gardeningSUXV.net","gardening",1,5
"HDPP@SYYLoutdoorliving.biz","outdoor living",1,13
"PXQMU@gardeningFMK.net","gardening",2,29
"GKWAPWOE.GKWAPWOE@JGQAgardening.net","",4,68
"AHL.AHL@yahoo.com","outdoor",2,96
"AJNGJarchitect@gmail.com","architect",3,82
"WKL@outdoorlivingCMXN.biz","outdoor living",6,45
"BRRK@gmail.com","outdoor",19,16551
"SCRBLT@QIQorchard.net","orchard",23,806
"BEQQlandscapearchitect@gmail.com","landscape architect",4,111
"LSY.LSY@hgRRF.biz","",1,0
"SEP@architectFPEV.net","architect",3,35
"AJZKWWB2@JOCBhomeandgarden.com","home and garden",2,8
"outdoorlivingEYJFC@yahoo.com","outdoor living",13,1015
"JPKLILL.JPKLILL@QCXlandscaper.net","landscaper",15,43
"ODR1@orchardFRP.co","orchard",14,117
"REIY3@homeandgardenBILH.com","home and garden",3,22
"gardening@shop.magento.com","gardening",13,403
"VCVNJ3@QTOYlandscapearchitect.com","landscape architect",17,489
"MASE.MASE@homeandgardenYHB.net","home and garden",13,231
"YEYH.YEYH@yahoo.com","hg",1,0
"DTSPOI.DTSPOI@EPHGhomeandgarden.biz","",30,825
"ZCPGNMAB1@homeandgardenBILH.com","home and garden",20,843
"NCBALM.NCBALM@WVSEarchitect.biz","architect",13,305
"XXXKHYZWoutdoor@shop.magento.com","outdoor",10,275
"GPIEYZ120@yahoo.com","nursery",30,1113
"RVIERVCA@TPOQarchitect.net","architect",16,70
"nurseryMDCR@gmail.com","nursery",2,82
"BIAW1@outdoorNLP.co","outdoor",6,298
"RENSsupply@yahoo.com","supply",28,955
"OTOWX.OTOWX@plantsZYUD.com","plants",6,63
"UAAGVHP@nurseryUZK.co","",3,9
"DTQXlandscapedesigner@yahoo.com","landscape designer",23,1564
"DQH@INSHoutdoorliving.net","outdoor living",4,98
"outdoorlivingGLUBC@gmail.com","outdoor living",7,1517
"FWKP@designerDOQ.net","",19,150
"LBKBNAXM.LBKBNAXM@yahoo.com","",9,281
"YJXMEQMAlandscapedesigner@store.bigcommerce.com","landscape designer",6,14
"OXJV@nurseryBYY.biz","nursery",30,347
"CAUFRW3@designerMHM.com","designer",4,26
"WFTIWIIQ@JSZlandscapeengineer.biz","landscape engineer",2,27
"ZKZJE@yahoo.com","gardening",5,167
"SDEBAhg@yahoo.com","hg",10,465
"gardeningOTFAOL@store.bigcommerce.com","gardening",5,536
"plantsPNFMH@yahoo.com","",6,147
"VYPYPPD@MWNplants.biz","plants",1,9
"ZMWY.ZMWY@landscapearchitectNQY.biz","",30,1106
"BTBKXQ@yahoo.com","gardening",3,65
"ZRBNXY3@landscapeengineerNPB.co","landscape engineer",2,23
"LMRY.LMRY@AKEWnursery.net","nursery",1,67
"YUXSM@CTEhg.biz","hg",22,469
"AYW@outdoorlivingYQT.biz","outdoor living",1,10
"KDHEFZ@PCAsupply.biz","supply",24,22
"KIGW2@FGIWnursery.com","nursery",10,61
"XYDE.XYDE@EPHGhomeandgarden.biz","home and garden",15,174
"landscapeengineerJFHJLD@shop.magento.com","",5,47
"ZXNKOWWW@gardenHPZF.net","garden",9,70
"orchardCBJAMW@gmail.com","orchard",30,318
"hgMUIOZOUW@gmail.com","hg",22,333
"LSQII@gmail.com","orchard",9,121
"QGQRDR.QGQRDR@outdoorACYN.biz","outdoor",2,18
"AZPENFXRnursery@myshopify.com","nursery",6,291
"JWC.JWC@outdoorlivingIUNT.co","outdoor living",9,1404
"landscapedesignerORRIAFMH@yahoo.com","landscape designer",12,546
"BMUPRNOGlandscapeengineer@yahoo.com","landscape engineer",2,112
"GTSJLEKS3@JOCBhomeandgarden.com","home and garden",4,97
"JJTHBC.JJTHBC@supplyTXL.net","",3,28
"WJPU3@hgSDSM.co","hg",11,31
"UHSUDS380@gmail.com","outdoor",5,191
"RNYZOEZN@landscapearchitectSGT.net","landscape architect",30,14041
"landscapedesignerOISQIT@shop.magento.com","landscape designer",5,90
"supplyVOPJWOJA@gmail.com","supply",1,26
"LRSZUlandscaping@gmail.com","",11,512
"architect@store.bigcommerce.com","architect",5,778
"MBS.MBS@yahoo.com","gardening",30,15437
"HWOOPDChg@myshopify.com","hg",1,35
"RSWTJQ@landscapearchitectLPA.net","landscape architect",9,46
"VIM.VIM@gmail.com","home and garden",2,76
"EWMMSO3@QRSoutdoorliving.co","outdoor living",13,213
"outdoorBFVIM@gmail.com","outdoor",30,3072
"ENPBE@landscaperUCZ.net","landscaper",8,31
"outdoorDWC@gmail.com","outdoor",7,274
"TQFW834@hotmail.com","",30,464
"WJC653@gmail.com","landscaping",2,782
"TQZOPKJL@DDJoutdoorliving.net","outdoor living",3,67
"INVJAOXH.INVJAOXH@outdoorCOO.com","",15,69
"BLVTHHH@att.net","gardening",30,102
"gardening1@myshopify.com","gardening",6,51
"GZCTDDG3@hgSDSM.co","",7,169
"ROH@gmail.com","landscape architect",26,11610
"supplyJQBG@yahoo.com","",30,1045
"NPLFRT.NPLFRT@plantsZYUD.com","plants",2,37
"XCARMGOX109@comcast.net","garden",3,12
"ZVOSMQX@nurseryUZK.co","nursery",2,161
"TCIQarchitect@yahoo.com","architect",30,1623
"VOT2@nurseryUZK.co","nursery",29,247
"nursery1@myshopify.com","nursery",1,15
"TDII@landscapedesignerQXNA.net","landscape designer",13,64
"VRLUNCQlandscaper@gmail.com","landscaper",2,36
"homeandgardenHZKZEPBX@shop.magento.com","",2,8
"VPFRZTDUgarden@yahoo.com","garden",13,497
"growerKPSV@gmail.com","grower",5,302
"ENUdesigner@yahoo.com","designer",4,66
"JRCXAPF@gmail.com","grower",1,21
"NAC@aol.com","garden",30,57
"HGKJJHPE536@yahoo.com","orchard",10,116
"nurseryLNZQ@yahoo.com","nursery",6,150
"PFYRXWG@JSDLlandscapeengineer.biz","landscape engineer",24,465
"UJHD@DMLplants.biz","plants",2,10
"RSTD.RSTD@orchardPRGV.net","orchard",1,8
"BFDPZZ@hotmail.com","",19,130
"TPVNU@UIIhg.biz","hg",30,667
"AWBHOUWL@orchardQHR.net","orchard",8,49
"PVTIFCAoutdoorliving@gmail.com","outdoor living",2,24
"homeandgardenGBMCP@yahoo.com","home and garden",12,644
"landscaperLVI@myshopify.com","landscaper",4,54
"CRTVSC.CRTVSC@growerZVD.net","grower",22,474
"BATSJ3@designerMHM.com","designer",1,1
"BIFGJ2@QTOYlandscapearchitect.com","landscape architect",1,0
"vineyardDOAE@gmail.com","vineyard",2,11
"OLJ@QRSoutdoorliving.co","outdoor living",2,8
"growerSFO@gmail.com","grower",5,228
"GHJQEJ.GHJQEJ@FGIWnursery.com","",30,1451
"DLVGU.DLVGU@landscapearchitectSGT.net","landscape architect",30,851
"ANUO1@outdoorCOO.com","outdoor",16,804
"YJRF3@designerMHM.com","",16,68
"landscaperRDP@yahoo.com","landscaper",2,24
"PVSJNnursery@gmail.com","nursery",5,28
"landscapedesignerZLRXUKKV@gmail.com","landscape designer",30,860
"architectOZPR@yahoo.com","",3,85
"homeandgardenIDNQXJ@yahoo.com","home and garden",5,139
"gardenHSC@yahoo.com","garden",7,310
"RPNZJX.RPNZJX@GCPZgarden.biz","garden",3,35
"supplyGREBYRB@yahoo.com","supply",9,385
"BLSDNUQ.BLSDNUQ@yahoo.com","",4,100
"IHCTRX@ZDKlandscapeengineer.biz","landscape engineer",3,25
"WJYOBH@vineyardBSWE.net","vineyard",30,68
"landscapedesigner@myshopify.com","landscape designer",4,24
"IQXQGRC799@gmail.com","outdoor",4,177
"landscapeengineer1@store.bigcommerce.com","landscape engineer",5,30
"landscapeengineerTOHQPKI@yahoo.com","landscape engineer",4,240
"LLTNUGN3@FGIWnursery.com","nursery",6,34
"FALgardening@yahoo.com","gardening",30,1825
"XKFWXSQT734@gmail.com","orchard",2,286
"EHMXGPgarden@gmail.com","",6,967
"landscapedesignerIJSCRG@gmail.com","landscape designer",13,250
"KGPFIML@SJLarchitect.biz","architect",2,67
"ZFAPYJOM@orchardPRGV.net","",1,45
"growerLHVRMG@store.bigcommerce.com","grower",6,545
"landscapedesignerSWKPTS@yahoo.com","landscape designer",30,14585
"VSJU@EPHGhomeandgarden.biz","home and garden",3,26
"ZJXQZW1@designerMHM.com","designer",5,93
"UAW2@nurseryUZK.co","",4,25
"OOMXSHGE481@gmail.com","plants",2,70
"HAW1@QTOYlandscapearchitect.com","landscape architect",3,12
"NYSU.NYSU@HKKSnursery.biz","nursery",1,4
"QMTP.QMTP@gmail.com","grower",4,325
"VGLLsupply@gmail.com","supply",16,183
"QGNSLorchard@gmail.com","orchard",8,135
"GGN@RDULhomeandgarden.net","home and garden",1,67
"IEBI@att.net","supply",21,65
"SPERMWST.SPERMWST@outdoorNLP.co","outdoor",9,92
"FIGDKKCFarchitect@gmail.com","",24,1177
"AEXL@AJFlandscapeengineer.biz","landscape engineer",1,0
"landscapedesigner@shop.magento.com","landscape designer",2,11
"XSQNKRSlandscapedesigner@shop.magento.com","",5,36
"DBA@gmail.com","",1,43
"AUBXC@yahoo.com","vineyard",7,269
"landscapeengineerQJDOUAOL@store.bigcommerce.com","",1,44
"IGDPY.IGDPY@OWLsupply.biz","supply",1,0
"UJE@QSXlandscaping.biz","landscaping",30,2858
"TXMNT.TXMNT@nurseryBYY.biz","nursery",2,20
"plantsSGT@gmail.com","plants",2,224
"JAL@gmail.com","",30,3750
"MLLTTnursery@yahoo.com","nursery",21,612
"VFSPYST@landscapingNNH.net","landscaping",7,35
"AGNgrower@gmail.com","",5,175
"FGAplants@gmail.com","plants",24,1003
"DTV@yahoo.com","vineyard",2,145
"BMHF@aol.com","landscaper",10,17
"RUIHFZ3@outdoorCOO.com","outdoor",22,734
"landscapingFEHNYI@yahoo.com","landscaping",11,459
"BJZDCEQF.BJZDCEQF@orchardFRP.co","orchard",1,16
"landscapedesigner@store.bigcommerce.com","",11,516
"FVDILRRC.FVDILRRC@MBOJvineyard.net","vineyard",4,11
"landscaper@myshopify.com","landscaper",2,14
"ZBM@vineyardBSWE.net","vineyard",3,55
"CYMFVAIF.CYMFVAIF@gardenLNRB.biz","garden",2,13
"ONZF1@homeandgardenXYT.com","home and garden",17,627
"HRTK2@homeandgardenBAHG.co","",4,31
"outdoorlivingKMXSLQE@yahoo.com","outdoor living",13,392
"REWAZG@QSXlandscaping.biz","landscaping",1,10
"UORYGHL.UORYGHL@OFVDhg.net","hg",1,0
"hgTCVTMUFT@yahoo.com","hg",7,167
"TPVECW3@IHBhg.co","hg",30,286
"IVCPTM.IVCPTM@outdoorCOO.com","outdoor",8,8
"EIOHVZTGoutdoor@myshopify.com","",5,182
"DYB@AFSsupply.biz","supply",3,9
"GODFZWCJplants@myshopify.com","plants",3,119
"OTFTRAgardening@shop.magento.com","gardening",7,97
"TPNR@cablewest.net","supply",3,92
"landscapedesignerFHYSZAK@gmail.com","landscape designer",7,218
"TAO.TAO@gardenNOT.biz","garden",1,0
"NSGCYYKY@MXGoutdoor.net","",12,38
"CXTT.CXTT@landscapedesignerNWK.net","landscape designer",11,118
"BTOGHL@architectAFJ.biz","architect",13,95
"PXMKDGIM.PXMKDGIM@EQLlandscapeengineer.biz","landscape engineer",8,31
"outdoorlivingLCFLAR@yahoo.com","outdoor living",1,49
"DGF.DGF@gmail.com","plants",30,817
"IPJETONgarden@yahoo.com","garden",10,894
"QNEBDEgarden@gmail.com","garden",8,1571
"landscapeengineerQPE@gmail.com","landscape engineer",6,46
"JRMCJSL@gardeningNZAZ.net","gardening",8,268
"UII@YMDVoutdoorliving.biz","outdoor living",17,64
"QOBXXLA@yahoo.com","outdoor",9,80
"RHWLXTBgardening@myshopify.com","gardening",8,15
"IVOKML.IVOKML@outdoorCOO.com","outdoor",30,923
"PAAM1@ITQnursery.com","nursery",1,13
"LDOJ@CMJoutdoorliving.net","outdoor living",15,221
"nurseryTQVU@gmail.com","nursery",30,5862
"NCBXUD.NCBXUD@DZMoutdoorliving.biz","outdoor living",1,0
"HMS.HMS@KCPgarden.net","garden",23,113
"ZPXYMRIY@gmail.com","outdoor living",1,43
"OGHQNQB@FSUIgarden.co","garden",14,443
"HFCA.HFCA@landscapedesignerOYLP.biz","landscape designer",10,912
"SGHH@JJClandscapeengineer.co","landscape engineer",1,3
"RYAEUoutdoor@yahoo.com","outdoor",30,171
"growerRSALEWZU@shop.magento.com","grower",7,300
"JMRLET.JMRLET@EJTFarchitect.biz","architect",1,0
"ZBQLI.ZBQLI@UIIhg.biz","hg",19,384
"IRAGgarden@yahoo.com","garden",8,294
"MAOY@gmail.com","landscape engineer",22,1292
"HCY1@LXGKoutdoorliving.com","outdoor living",15,400
"CFC@outdoorlivingYQT.biz","outdoor living",2,58
"BLD.BLD@homeandgardenMMT.net","home and garden",2,32
"landscaping@shop.magento.com","landscaping",10,153
"GBLANdesigner@gmail.com","designer",7,66
"DFP.DFP@landscapeengineerLIQG.biz","landscape engineer",1,0
"WVAUWGnursery@yahoo.com","nursery",1,24
"landscaper@shop.magento.com","",6,409
"gardeningMUC@yahoo.com","gardening",5,263
"landscapeengineer@store.bigcommerce.com","",4,17
"GSLTJ.GSLTJ@gmail.com","supply",2,58
"XCNFRRL.XCNFRRL@MLTvineyard.biz","",2,142
"vineyardGJRWNUK@yahoo.com","vineyard",23,276
"CNARDLJB2@outdoorlivingIUNT.co","",2,60
"ZIK.ZIK@HRKMgrower.biz","grower",1,10
"XUUM.XUUM@yahoo.com","hg",7,458
"orchardOLQDCCPJ@yahoo.com","",1,59
"supplyRJQHOBFI@myshopify.com","supply",5,22
"WWCJYPYG.WWCJYPYG@CDZnursery.biz","nursery",2,3
"LVOOXZ2@homeandgardenBILH.com","home and garden",5,41
"QAO.QAO@SYYLoutdoorliving.biz","outdoor living",19,354
"DXQYU.DXQYU@landscapearchitectZFH.biz","landscape architect",9,144
"homeandgardenRLHYIZFQ@yahoo.com","home and garden",30,922
"outdoorlivingICLWD@yahoo.com","outdoor living",4,174
"RHC1@supplyUIHY.co","supply",3,15
"LBL.LBL@yahoo.com","grower",2,105
"outdoorliving@store.bigcommerce.com","",3,421
"WXT.WXT@vineyardJSLB.net","vineyard",4,201
"TOSK2@growerXOZ.co","grower",1,29
"nursery1@myshopify.com","nursery",4,358
"JAQIZQ1@supplyUIHY.co","supply",4,61
"UOXLU877@cablewest.net","landscaping",4,49
"SXPORH.SXPORH@gmail.com","designer",4,462
"gardeningLYTWG@myshopify.com","gardening",2,88
"QBYnursery@yahoo.com","nursery",6,554
"OAB@JSZlandscapeengineer.biz","landscape engineer",1,0
"CLETVVPD2@outdoorCOO.com","outdoor",8,80
"designerSCFZ@gmail.com","designer",2,266
"GSCVERS1@orchardFRP.co","orchard",22,717
"HWI@comcast.net","orchard",20,158
"NXGXF.NXGXF@QCXlandscaper.net","landscaper",9,115
"landscaperRVSLKBPA@myshopify.com","landscaper",8,160
"XPCPZTR825@cablewest.net","",30,590
"WXDHOUO3@hgSDSM.co","hg",6,208
"NQRYP.NQRYP@landscapedesignerKMHM.biz","landscape designer",2,97
"XVEP@SAVarchitect.biz","",10,29
"CGNLLTCM@OMRAoutdoor.net","outdoor",2,15
"DNATNEST@gmail.com","plants",1,0
"EHQKF@HMFUlandscapedesigner.net","landscape designer",30,3587
"FFFYBVDD@landscapedesignerOYLP.biz","landscape designer",4,144
"EPO@VPPKarchitect.net","",3,4
"VRBIERL.VRBIERL@FSUIgarden.co","garden",4,9
"QUAGK2@JJClandscapeengineer.co","landscape engineer",6,107
"EKOJI.EKOJI@outdoorNLP.co","outdoor",1,7
"QJKSW.QJKSW@architectFPEV.net","architect",19,228
"PAGR.PAGR@outdoorNLP.co","outdoor",15,146
"AZFAMOK.AZFAMOK@yahoo.com","home and garden",15,763
"outdoorlivingTGXNDMME@gmail.com","outdoor living",1,30
"KJTMEJWsupply@gmail.com","supply",1,22
"CPA@homeandgardenVHZ.net","home and garden",1,0
"VRHIPXFF956@gmail.com","",1,0
"HFHNOX@outdoorlivingJSUW.biz","outdoor living",5,105
"TDVCBAgarden@yahoo.com","garden",2,38
"WTFMZKgarden@gmail.com","garden",2,157
"architectFCUZWDGB@yahoo.com","architect",11,70
"hgMWURZVSC@myshopify.com","hg",2,227
"LXM@gmail.com","",1,13
"XEEX@gmail.com","garden",3,197
"QGBPZWC@yahoo.com","orchard",18,123
"JFK.JFK@supplyUIHY.co","supply",19,2680
"XXF944@yahoo.com","home and garden",1,0
"FCFS14@aol.com","landscape architect",22,254
"RFADWYND@outdoorlivingIUNT.co","outdoor living",4,283
"GSWEXNQnursery@yahoo.com","nursery",1,21
"BILXXBT@nurseryIGLY.net","nursery",3,15
"landscapearchitectLKT@yahoo.com","landscape architect",6,204
"QSHlandscaping@yahoo.com","landscaping",1,34
"SKQGJV@gmail.com","",1,67
"HVK.HVK@plantsAXM.net","plants",9,21
"GIPOAGGF@FSNgrower.net","grower",3,12
"QLWJDQIV@architectOAH.net","architect",1,10
"IQOEJCU.IQOEJCU@OLUvineyard.biz","vineyard",1,28
"HXIAT@gmail.com","landscaper",3,171
"ENP.ENP@homeandgardenMMT.net","home and garden",2,27
"BKQDM2@homeandgardenBAHG.co","home and garden",30,1342
"QCX.QCX@FSUIgarden.co","garden",2,13
"gardeningOJHRS@yahoo.com","gardening",30,700
"UNFOOD@VMFZdesigner.net","designer",13,58
"YHJEX.YHJEX@LXGKoutdoorliving.com","outdoor living",1,4
"OUX.OUX@outdoorAPU.biz","outdoor",2,14
"DIKJYNLQgrower@shop.magento.com","grower",2,96
"MCQYJ@SWJVoutdoor.net","outdoor",1,20
"HBThomeandgarden@shop.magento.com","home and garden",4,345
"UVS.UVS@CDZnursery.biz","nursery",26,554
"OAQ.OAQ@IEXFplants.net","plants",3,32
"VAFBKXnursery@yahoo.com","nursery",4,381
"PANdesigner@store.bigcommerce.com","designer",11,500
"TRHREIK.TRHREIK@outdoorBOT.net","outdoor",19,251
"UKWLKSK2@designerMHM.com","",3,40
"XRFK@FPZDgarden.net","garden",3,5
"MJIHSOO.MJIHSOO@architectUYID.biz","architect",4,30
"designer@store.bigcommerce.com","designer",2,25
"LVZ3@plantsZYUD.com","plants",2,16
"HFSJYEOE1@ITQnursery.com","nursery",6,112
"VKWX@SMWlandscapedesigner.net","landscape designer",6,193
"gardeningFRGAONB@yahoo.com","gardening",28,935
"VAUTJW.VAUTJW@outdoorACYN.biz","outdoor",6,114
"gardenPTZNRFK@store.bigcommerce.com","garden",2,17
"QBRO.QBRO@yahoo.com","home and garden",1,16
"STPSTAJplants@yahoo.com","plants",3,105
"outdoorYEUL@shop.magento.com","outdoor",2,34
"UODYSKE.UODYSKE@vineyardJDVF.co","vineyard",4,526
"SDQY2@IHBhg.co","hg",4,33
"EXJIUF@outdoorlivingIUNT.co","outdoor living",5,36
"BZHM975@hotmail.com","",15,35
"homeandgarden1@shop.magento.com","home and garden",6,452
"LNHKZD.LNHKZD@AJFlandscapeengineer.biz","landscape engineer",4,72
"WIIVD3@QRSoutdoorliving.co","outdoor living",6,15
"outdoorlivingAHPZUIY@yahoo.com","outdoor living",30,813
"DES@gardenHPZF.net","garden",3,28
"QJTN16@yahoo.com","home and garden",1,0
"NYL@HTKNplants.net","plants",1,4
"XLAW818@yahoo.com","gardening",5,267
"WFPCPGY3@JOCBhomeandgarden.com","home and garden",2,12
"DKHWEJD@WYJsupply.biz","supply",7,115
"UEBL2@vineyardJDVF.co","vineyard",1,9
"KBE1@outdoorZUV.com","outdoor",13,104
"QCZ.QCZ@yahoo.com","",2,341
"ZFUsupply@shop.magento.com","supply",10,118
"gardening@myshopify.com","gardening",5,245
"KULHO@growerGRT.net","grower",4,18
"ZRYZPTH585@comcast.net","plants",7,103
"supplyJWZUCB@gmail.com","supply",5,543
"MLBXHSDplants@gmail.com","plants",14,462
"BICDNDClandscaper@yahoo.com","",5,99
"LEQKWCNI.LEQKWCNI@yahoo.com","",1,44
"ZZLZPCUlandscaper@yahoo.com","landscaper",6,188
"CVLOGA@outdoorlivingYQT.biz","",4,43
"VJXVKHarchitect@gmail.com","architect",30,1739
"MRPFQHE.MRPFQHE@CDZnursery.biz","",15,701
"landscapearchitectHQWGCXYF@yahoo.com","landscape architect",12,596
"CUUAN@hotmail.com","vineyard",30,477
"GXMX.GXMX@landscapearchitectIDW.biz","landscape architect",26,250
"AREUSXXZ1@landscapeengineerNPB.co","landscape engineer",22,272
"MBXA.MBXA@gmail.com","designer",14,7924
"HSIEGEET.HSIEGEET@IHBhg.co","hg",2,13
"UHOJRMQQ.UHOJRMQQ@HRKMgrower.biz","grower",1,11
"NOSKIDHL2@growerXOZ.co","grower",11,154
"outdoorLMAJVIIP@yahoo.com","outdoor",30,303
"BIDE.BIDE@LRZAgardening.biz","gardening",3,13
